,logits,pred_label,label
0,0.22971411049365997,0,1
1,0.6638070344924927,1,1
2,0.5615572929382324,1,1
3,0.46581804752349854,0,1
4,0.7748616933822632,1,1
5,0.8469530940055847,1,1
6,0.7282611727714539,1,1
7,0.4132491946220398,0,1
8,0.7455428242683411,1,1
9,0.8054391145706177,1,1
10,0.7434800267219543,1,1
11,0.8084452152252197,1,1
12,0.6568087935447693,1,1
13,0.8603151440620422,1,1
14,0.832207977771759,1,1
15,0.8372842073440552,1,1
16,0.8692478537559509,1,1
17,0.5458390116691589,1,1
18,0.7850043773651123,1,1
19,0.8510052561759949,1,1
20,0.7557234764099121,1,1
21,0.818288266658783,1,1
22,0.8591607213020325,1,1
23,0.8610221147537231,1,1
24,0.8222226500511169,1,1
25,0.7320959568023682,1,1
26,0.8182868361473083,1,1
27,0.6820589900016785,1,1
28,0.847395658493042,1,1
29,0.8857560157775879,1,1
30,0.49696874618530273,0,1
31,0.8395875692367554,1,1
32,0.8401368856430054,1,1
33,0.773719310760498,1,1
34,0.8270540237426758,1,1
35,0.29022327065467834,0,1
36,0.2817952036857605,0,1
37,0.5252817869186401,1,1
38,0.4416799247264862,0,1
39,0.2588311433792114,0,1
40,0.5749842524528503,1,1
41,0.49540549516677856,0,1
42,0.1609482318162918,0,0
43,0.3086833655834198,0,0
44,0.08479875326156616,0,0
45,0.7931948304176331,1,0
46,0.6154811978340149,1,0
47,0.08903170377016068,0,0
48,0.5199726223945618,1,0
49,0.6452031135559082,1,0
50,0.6696286797523499,1,0
51,0.719478964805603,1,0
52,0.6258940696716309,1,0
53,0.7130901217460632,1,0
54,0.5255788564682007,1,1
55,0.5538502931594849,1,1
56,0.4265151917934418,0,1
57,0.5899612903594971,1,1
58,0.3246784806251526,0,1
59,0.0931139811873436,0,0
60,0.4155116379261017,0,0
61,0.18080049753189087,0,0
62,0.7497532367706299,1,1
63,0.13315461575984955,0,1
64,0.287375271320343,0,1
65,0.14869730174541473,0,1
66,0.5249812006950378,1,0
67,0.6300964951515198,1,0
68,0.5897918343544006,1,0
69,0.12344403564929962,0,0
70,0.6559771299362183,1,1
71,0.7464041709899902,1,1
72,0.5894511342048645,1,1
73,0.7325038909912109,1,1
74,0.5511723160743713,1,1
75,0.7763994336128235,1,1
76,0.7202757000923157,1,1
77,0.5638794302940369,1,1
78,0.5469269752502441,1,0
79,0.4578951597213745,0,0
80,0.6509857773780823,1,0
81,0.6050943732261658,1,0
82,0.5621036291122437,1,0
83,0.47055909037590027,0,0
84,0.4236360788345337,0,0
85,0.5279792547225952,1,0
86,0.5276181697845459,1,0
87,0.36711806058883667,0,0
88,0.6404603123664856,1,0
89,0.6346529722213745,1,0
90,0.65936678647995,1,0
91,0.5776166915893555,1,0
92,0.6326955556869507,1,0
93,0.6437245011329651,1,0
94,0.4949229955673218,0,0
95,0.6672953963279724,1,0
96,0.3795768916606903,0,0
97,0.4138390123844147,0,0
98,0.3256874084472656,0,1
99,0.5327461957931519,1,1
100,0.27540823817253113,0,1
101,0.5880206823348999,1,1
102,0.5327998995780945,1,1
103,0.367982417345047,0,1
104,0.7493056058883667,1,0
105,0.4214143455028534,0,0
106,0.4119570851325989,0,0
107,0.3320688009262085,0,0
108,0.7722963690757751,1,1
109,0.07504726201295853,0,0
110,0.5653858184814453,1,0
111,0.38355258107185364,0,0
112,0.24071763455867767,0,0
113,0.6320343613624573,1,0
114,0.5803382396697998,1,0
115,0.595112681388855,1,0
116,0.3066226840019226,0,0
117,0.3569013178348541,0,0
118,0.5740380883216858,1,0
119,0.32374128699302673,0,1
120,0.464068204164505,0,1
121,0.390716552734375,0,1
122,0.632586658000946,1,1
123,0.6834619045257568,1,1
124,0.4696294665336609,0,1
125,0.4713946282863617,0,1
126,0.4573837220668793,0,1
127,0.06841350346803665,0,0
128,0.06778426468372345,0,0
129,0.8540521860122681,1,1
130,0.6463941931724548,1,1
131,0.5736796259880066,1,1
132,0.755979061126709,1,1
133,0.6125887632369995,1,1
134,0.1287803202867508,0,0
135,0.31681302189826965,0,0
136,0.12718603014945984,0,0
137,0.5097640156745911,1,0
138,0.08255112916231155,0,0
139,0.8346611857414246,1,1
140,0.8244965076446533,1,1
141,0.6965914368629456,1,1
142,0.8263095617294312,1,1
143,0.6202085614204407,1,1
144,0.7987478375434875,1,1
145,0.7754982709884644,1,0
146,0.7656368017196655,1,0
147,0.0899992436170578,0,0
148,0.20408204197883606,0,0
149,0.5001501441001892,1,0
150,0.5778801441192627,1,1
151,0.6630531549453735,1,1
152,0.6262884736061096,1,1
153,0.6716423034667969,1,1
154,0.66771399974823,1,1
155,0.7351782917976379,1,1
156,0.8477619886398315,1,1
157,0.12716074287891388,0,0
158,0.16805249452590942,0,0
159,0.5137649178504944,1,0
160,0.7473944425582886,1,0
161,0.5469565391540527,1,0
162,0.7769156694412231,1,0
163,0.5258349180221558,1,0
164,0.6285271644592285,1,0
165,0.46561339497566223,0,0
166,0.5990579724311829,1,0
167,0.40110403299331665,0,0
168,0.6587491035461426,1,0
169,0.6538253426551819,1,0
170,0.4927053451538086,0,0
171,0.6732139587402344,1,1
172,0.6702373027801514,1,1
173,0.3628759980201721,0,1
174,0.3621380031108856,0,1
175,0.08907497674226761,0,0
176,0.37366336584091187,0,0
177,0.3837500512599945,0,0
178,0.26475760340690613,0,0
179,0.19538921117782593,0,0
180,0.23802976310253143,0,0
181,0.10288914293050766,0,1
182,0.30582407116889954,0,1
183,0.6940022110939026,1,1
184,0.5151536464691162,1,1
185,0.7214066982269287,1,1
186,0.332686185836792,0,1
187,0.5251852869987488,1,1
188,0.6332175731658936,1,1
189,0.524440586566925,1,1
190,0.7203445434570312,1,1
191,0.5984363555908203,1,0
192,0.7343248128890991,1,0
193,0.7531748414039612,1,0
194,0.48898088932037354,0,0
195,0.8310940861701965,1,0
196,0.8658197522163391,1,1
197,0.46062541007995605,0,1
198,0.5384873747825623,1,1
199,0.8254940509796143,1,1
200,0.7320413589477539,1,1
201,0.7732484340667725,1,1
202,0.1848553866147995,0,0
203,0.29386261105537415,0,0
204,0.2772112190723419,0,0
205,0.22855021059513092,0,0
206,0.28037309646606445,0,0
207,0.6617096066474915,1,0
208,0.20943480730056763,0,0
209,0.7639184594154358,1,1
210,0.6688400506973267,1,1
211,0.6543853282928467,1,1
212,0.6666273474693298,1,1
213,0.48801368474960327,0,1
214,0.17905104160308838,0,1
215,0.19109666347503662,0,1
216,0.12816466391086578,0,1
217,0.1736898273229599,0,1
218,0.1171640157699585,0,1
219,0.2976205050945282,0,1
220,0.08215983211994171,0,0
221,0.12218570709228516,0,0
222,0.13022230565547943,0,0
223,0.28586679697036743,0,1
224,0.26359111070632935,0,1
225,0.7826043963432312,1,1
226,0.4882924258708954,0,1
227,0.8359916806221008,1,1
228,0.8286779522895813,1,1
229,0.5283373594284058,1,1
230,0.6632440686225891,1,1
231,0.7520709037780762,1,1
232,0.3457743227481842,0,1
233,0.3068178594112396,0,1
234,0.36303332448005676,0,1
235,0.8070667386054993,1,1
236,0.4812065362930298,0,1
237,0.6863290071487427,1,1
238,0.5172041654586792,1,1
239,0.7723634243011475,1,1
240,0.6280182600021362,1,1
241,0.5113022923469543,1,1
242,0.5908567905426025,1,1
243,0.6636819243431091,1,1
244,0.6867693066596985,1,1
245,0.6369393467903137,1,1
246,0.20461544394493103,0,0
247,0.18416579067707062,0,0
248,0.47816264629364014,0,0
249,0.2898983359336853,0,0
250,0.1909572035074234,0,0
251,0.47573333978652954,0,1
252,0.40866807103157043,0,1
253,0.49607381224632263,0,1
254,0.7311628460884094,1,1
255,0.8663424849510193,1,1
256,0.5659759044647217,1,1
257,0.5803729295730591,1,1
258,0.6922627091407776,1,1
259,0.7419556379318237,1,1
260,0.7536432147026062,1,1
261,0.7658479809761047,1,1
262,0.7616217136383057,1,1
263,0.7629064321517944,1,1
264,0.7767669558525085,1,1
265,0.5050771832466125,1,1
266,0.6533660292625427,1,0
267,0.5164878964424133,1,0
268,0.6176177859306335,1,0
269,0.4202825725078583,0,0
270,0.8232695460319519,1,1
271,0.617152750492096,1,1
272,0.6792922019958496,1,0
273,0.611436665058136,1,0
274,0.5111082196235657,1,1
275,0.5408376455307007,1,1
276,0.6540117263793945,1,1
277,0.4896950125694275,0,1
278,0.5615819096565247,1,1
279,0.34483274817466736,0,0
280,0.5418055653572083,1,0
281,0.4221726655960083,0,0
282,0.4267672002315521,0,0
283,0.6374093294143677,1,0
284,0.47219517827033997,0,0
285,0.5005147457122803,1,0
286,0.539673388004303,1,0
287,0.14903299510478973,0,0
288,0.1419355869293213,0,0
289,0.43630602955818176,0,0
290,0.6530303359031677,1,0
291,0.5137853622436523,1,0
292,0.30699947476387024,0,0
293,0.14843884110450745,0,0
294,0.5475755929946899,1,1
295,0.443228542804718,0,1
296,0.6485810875892639,1,1
297,0.24210304021835327,0,0
298,0.2942712903022766,0,0
299,0.5294986367225647,1,0
300,0.2511619031429291,0,0
301,0.40280047059059143,0,0
302,0.5394746661186218,1,0
303,0.4827660322189331,0,0
304,0.050554919987916946,0,0
305,0.260553777217865,0,0
306,0.37650829553604126,0,0
307,0.5909748077392578,1,0
308,0.08928371965885162,0,0
309,0.1866322159767151,0,0
310,0.2845816910266876,0,1
311,0.2386809140443802,0,1
312,0.8243619203567505,1,0
313,0.726774275302887,1,0
314,0.42929935455322266,0,0
315,0.7743752002716064,1,1
316,0.8757018446922302,1,1
317,0.8410530090332031,1,1
318,0.8207783699035645,1,1
319,0.8758280277252197,1,1
320,0.8240875601768494,1,1
321,0.7105873823165894,1,1
322,0.8426439166069031,1,1
323,0.16890402138233185,0,0
324,0.10947798937559128,0,0
325,0.07467326521873474,0,0
326,0.08879582583904266,0,0
327,0.2864891588687897,0,0
328,0.23624803125858307,0,0
329,0.5135642886161804,1,0
330,0.5446183085441589,1,0
331,0.39790138602256775,0,0
332,0.29501232504844666,0,0
333,0.12404897063970566,0,1
334,0.18475504219532013,0,1
335,0.5645816922187805,1,1
336,0.579608142375946,1,1
337,0.7249880433082581,1,1
338,0.7113430500030518,1,1
339,0.10804648697376251,0,0
340,0.520336389541626,1,0
341,0.16055940091609955,0,0
342,0.4639580249786377,0,0
343,0.23761413991451263,0,0
344,0.6573076248168945,1,0
345,0.4703242778778076,0,1
346,0.6130784749984741,1,1
347,0.6405586004257202,1,1
348,0.8038181662559509,1,1
349,0.6976990103721619,1,1
350,0.7375839352607727,1,1
351,0.721499502658844,1,1
352,0.4021932780742645,0,1
353,0.6608993411064148,1,0
354,0.4440670609474182,0,0
355,0.6521226167678833,1,0
356,0.6925601959228516,1,0
357,0.7137124538421631,1,0
358,0.5342921614646912,1,0
359,0.7535470128059387,1,0
360,0.7454323768615723,1,0
361,0.7825590372085571,1,1
362,0.5128352642059326,1,1
363,0.6250535845756531,1,1
364,0.6954098343849182,1,1
365,0.7948633432388306,1,1
366,0.8205664157867432,1,1
367,0.7546395659446716,1,1
368,0.49546220898628235,0,1
369,0.06518197059631348,0,0
370,0.13386042416095734,0,0
371,0.50544673204422,1,1
372,0.7235121726989746,1,1
373,0.6107668876647949,1,1
374,0.612037181854248,1,1
375,0.5577595829963684,1,1
376,0.7354477047920227,1,1
377,0.66811203956604,1,0
378,0.4688936173915863,0,0
379,0.8118646144866943,1,0
380,0.7535465359687805,1,0
381,0.4597606360912323,0,1
382,0.6131054162979126,1,1
383,0.7211155891418457,1,1
384,0.5668120980262756,1,1
385,0.5416013598442078,1,1
386,0.3596927523612976,0,1
387,0.2756170630455017,0,1
388,0.46482059359550476,0,1
389,0.466781347990036,0,1
390,0.4947217106819153,0,1
391,0.44014835357666016,0,1
392,0.21705271303653717,0,1
393,0.4837804138660431,0,1
394,0.38571906089782715,0,1
395,0.5769296884536743,1,1
396,0.0865539014339447,0,0
397,0.21352221071720123,0,0
398,0.44350823760032654,0,0
399,0.290029913187027,0,0
400,0.5834863185882568,1,0
401,0.2953544557094574,0,1
402,0.30733829736709595,0,1
403,0.4840618968009949,0,1
404,0.7747480273246765,1,0
405,0.7378610372543335,1,0
406,0.7544888257980347,1,0
407,0.65667724609375,1,0
408,0.665919840335846,1,0
409,0.3030882477760315,0,0
410,0.7763112187385559,1,0
411,0.633670449256897,1,0
412,0.13928940892219543,0,0
413,0.1255650520324707,0,0
414,0.697529137134552,1,1
415,0.5270103216171265,1,1
416,0.34377023577690125,0,1
417,0.7008264660835266,1,1
418,0.5269095301628113,1,1
419,0.46769702434539795,0,1
420,0.6769662499427795,1,1
421,0.620659351348877,1,1
422,0.7024898529052734,1,1
423,0.7373096942901611,1,1
424,0.429961621761322,0,1
425,0.5253440141677856,1,1
426,0.4521069824695587,0,1
427,0.4662459194660187,0,1
428,0.5289140939712524,1,1
429,0.5149766802787781,1,1
430,0.18301387131214142,0,0
431,0.18956266343593597,0,0
432,0.6275778412818909,1,1
433,0.5855511426925659,1,1
434,0.5623984336853027,1,1
435,0.5379275679588318,1,1
436,0.3954816162586212,0,1
437,0.5194101333618164,1,1
438,0.6416298151016235,1,1
439,0.4438382089138031,0,1
440,0.720583975315094,1,1
441,0.7383849024772644,1,1
442,0.515897810459137,1,1
443,0.4831315279006958,0,1
444,0.6499291062355042,1,1
445,0.5575135946273804,1,1
446,0.06120463088154793,0,0
447,0.06843184679746628,0,0
448,0.20560406148433685,0,0
449,0.8507142066955566,1,1
450,0.7991766929626465,1,1
451,0.6714198589324951,1,1
452,0.7989465594291687,1,1
453,0.7757799625396729,1,1
454,0.6361327171325684,1,1
455,0.6921451091766357,1,1
456,0.6593473553657532,1,1
457,0.6663927435874939,1,1
458,0.6558319926261902,1,1
459,0.7068817615509033,1,1
460,0.4607020318508148,0,1
461,0.24759483337402344,0,0
462,0.5067600607872009,1,0
463,0.1748640537261963,0,0
464,0.10403198003768921,0,0
465,0.3929866552352905,0,0
466,0.36450842022895813,0,0
467,0.6780593395233154,1,0
468,0.5381014943122864,1,0
469,0.6104379892349243,1,0
470,0.5579050779342651,1,0
471,0.7381122708320618,1,0
472,0.4613925814628601,0,0
473,0.4410969913005829,0,0
474,0.5306544303894043,1,0
475,0.535354495048523,1,0
476,0.08788899332284927,0,0
477,0.1288006603717804,0,0
478,0.6086432337760925,1,1
479,0.839830219745636,1,1
480,0.8531076312065125,1,1
481,0.7873508334159851,1,1
482,0.7268531918525696,1,1
483,0.5878623127937317,1,1
484,0.7971786260604858,1,1
485,0.6468597650527954,1,1
486,0.4732910096645355,0,1
487,0.47734707593917847,0,1
488,0.6525741219520569,1,1
489,0.664100706577301,1,1
490,0.6154146194458008,1,1
491,0.34935301542282104,0,1
492,0.43490755558013916,0,0
493,0.39779964089393616,0,0
494,0.40959325432777405,0,0
495,0.6054875254631042,1,0
496,0.13175518810749054,0,0
497,0.48205292224884033,0,0
498,0.6369474530220032,1,0
499,0.3112030029296875,0,0
500,0.40908360481262207,0,0
501,0.4509560167789459,0,0
502,0.2171897441148758,0,0
503,0.14345024526119232,0,0
504,0.1119023934006691,0,0
505,0.08041658997535706,0,0
506,0.15912054479122162,0,1
507,0.3295634984970093,0,1
508,0.31674206256866455,0,1
509,0.747349202632904,1,1
510,0.5873189568519592,1,1
511,0.16567747294902802,0,1
512,0.6598796844482422,1,0
513,0.5584373474121094,1,0
514,0.8050020337104797,1,0
515,0.7025414705276489,1,0
516,0.22007930278778076,0,0
517,0.3374519348144531,0,1
518,0.43286389112472534,0,1
519,0.6076213121414185,1,1
520,0.4709106981754303,0,1
521,0.6193060278892517,1,1
522,0.5364543795585632,1,1
523,0.4948822259902954,0,0
524,0.4372229278087616,0,0
525,0.5565028190612793,1,0
526,0.6424053907394409,1,0
527,0.6497491002082825,1,0
528,0.6737152934074402,1,0
529,0.7600269913673401,1,0
530,0.2803516387939453,0,0
531,0.1466279774904251,0,0
532,0.053114186972379684,0,0
533,0.3320658504962921,0,0
534,0.7803778648376465,1,0
535,0.5926656723022461,1,0
536,0.17279188334941864,0,0
537,0.3041371703147888,0,0
538,0.2093012034893036,0,0
539,0.24671180546283722,0,0
540,0.24640117585659027,0,1
541,0.20656715333461761,0,1
542,0.6037087440490723,1,1
543,0.544956624507904,1,1
544,0.6815707683563232,1,1
545,0.5071277022361755,1,1
546,0.6970921754837036,1,0
547,0.7604552507400513,1,0
548,0.8058061599731445,1,0
549,0.7770606279373169,1,0
550,0.4089498221874237,0,0
551,0.3086616098880768,0,1
552,0.7150039672851562,1,1
553,0.7044121623039246,1,1
554,0.26472434401512146,0,1
555,0.8254924416542053,1,1
556,0.40378516912460327,0,1
557,0.3469046354293823,0,1
558,0.21440818905830383,0,1
559,0.5456370115280151,1,1
560,0.6020554900169373,1,1
561,0.3816889226436615,0,0
562,0.28336018323898315,0,0
563,0.6544470191001892,1,0
564,0.6481218934059143,1,0
565,0.15206167101860046,0,0
566,0.10908874124288559,0,0
567,0.24867834150791168,0,0
568,0.47875258326530457,0,1
569,0.4000164866447449,0,1
570,0.5399718880653381,1,1
571,0.4777795672416687,0,1
572,0.6783010959625244,1,1
573,0.56755131483078,1,1
574,0.33049437403678894,0,0
575,0.22022075951099396,0,0
576,0.6640158295631409,1,0
577,0.6019330024719238,1,0
578,0.6060705780982971,1,0
579,0.5534459948539734,1,0
580,0.5776726603507996,1,0
581,0.3640673756599426,0,0
582,0.2665557265281677,0,0
583,0.20538756251335144,0,0
584,0.622565507888794,1,0
585,0.4806177616119385,0,0
586,0.1628113090991974,0,0
587,0.23473496735095978,0,0
588,0.10028150677680969,0,0
589,0.201314777135849,0,0
590,0.7464513182640076,1,1
591,0.49322500824928284,0,1
592,0.8346361517906189,1,1
593,0.5708326101303101,1,1
594,0.43379148840904236,0,1
595,0.7119958996772766,1,1
596,0.6916951537132263,1,1
597,0.6733570098876953,1,1
598,0.27046632766723633,0,0
599,0.29325994849205017,0,0
600,0.23085066676139832,0,0
601,0.22322091460227966,0,0
602,0.6070559620857239,1,0
603,0.5136280655860901,1,1
604,0.6085965633392334,1,1
605,0.6652469038963318,1,1
606,0.7581324577331543,1,1
607,0.6744604706764221,1,1
608,0.7493396401405334,1,1
609,0.6901199221611023,1,1
610,0.6277703046798706,1,0
611,0.5856577754020691,1,0
612,0.6293678879737854,1,0
613,0.7792772650718689,1,0
614,0.5684168934822083,1,0
615,0.09103205800056458,0,0
616,0.3124561607837677,0,0
617,0.090896837413311,0,0
618,0.1159929558634758,0,0
619,0.14122071862220764,0,0
620,0.14232197403907776,0,0
621,0.12165013700723648,0,0
622,0.28436243534088135,0,0
623,0.06419754773378372,0,0
624,0.3018445372581482,0,0
625,0.49970608949661255,0,0
626,0.4129207730293274,0,0
627,0.6051871180534363,1,0
628,0.5553383231163025,1,0
629,0.5764695405960083,1,0
630,0.4780896008014679,0,0
631,0.5424494743347168,1,0
632,0.6880747079849243,1,0
633,0.491462767124176,0,0
634,0.4113571047782898,0,0
635,0.5549809336662292,1,1
636,0.3707994222640991,0,1
637,0.591159462928772,1,1
638,0.4327051341533661,0,1
639,0.07780872285366058,0,0
640,0.23312075436115265,0,0
641,0.3259746730327606,0,0
642,0.30484047532081604,0,0
643,0.5807569622993469,1,0
644,0.6736616492271423,1,1
645,0.44028857350349426,0,1
646,0.5740803480148315,1,1
647,0.6802499294281006,1,1
648,0.4053363800048828,0,1
649,0.6570148468017578,1,1
650,0.6556767225265503,1,1
651,0.5280119776725769,1,1
652,0.5183666944503784,1,1
653,0.5586276650428772,1,1
654,0.59530109167099,1,1
655,0.6656873226165771,1,1
656,0.541422963142395,1,1
657,0.6546356678009033,1,1
658,0.6490748524665833,1,1
659,0.47814127802848816,0,1
660,0.3784174621105194,0,1
661,0.6665350794792175,1,1
662,0.7493623495101929,1,1
663,0.1807662695646286,0,1
664,0.24566984176635742,0,1
665,0.4222865700721741,0,1
666,0.673250675201416,1,1
667,0.4182145595550537,0,0
668,0.6324647665023804,1,0
669,0.42096471786499023,0,0
670,0.7154902815818787,1,0
671,0.8066056370735168,1,1
672,0.6732158660888672,1,1
673,0.8594309091567993,1,1
674,0.6632198691368103,1,1
675,0.7160137295722961,1,1
676,0.19441093504428864,0,0
677,0.18989348411560059,0,0
678,0.07656457275152206,0,0
679,0.15598224103450775,0,0
680,0.08263997733592987,0,0
681,0.5299187898635864,1,0
682,0.28218770027160645,0,0
683,0.25147339701652527,0,0
684,0.12432482838630676,0,0
685,0.22195561230182648,0,0
686,0.4494051933288574,0,1
687,0.5591993927955627,1,1
688,0.2717221975326538,0,1
689,0.38936105370521545,0,1
690,0.04530729353427887,0,0
691,0.07340843230485916,0,0
692,0.03259563818573952,0,0
693,0.8606191277503967,1,1
694,0.821824312210083,1,1
695,0.8075916767120361,1,1
696,0.8061444163322449,1,1
697,0.7863777875900269,1,1
698,0.6418145298957825,1,1
699,0.8427782654762268,1,1
700,0.4635866582393646,0,1
701,0.8326791524887085,1,1
702,0.8076162934303284,1,1
703,0.812060534954071,1,1
704,0.6727753281593323,1,1
705,0.8329420685768127,1,1
706,0.6875292658805847,1,1
707,0.595648467540741,1,1
708,0.6251049637794495,1,1
709,0.44417625665664673,0,1
710,0.6478961110115051,1,1
711,0.4490945339202881,0,1
712,0.2260817140340805,0,0
713,0.4237350523471832,0,0
714,0.23025819659233093,0,0
715,0.40522900223731995,0,0
716,0.35011643171310425,0,0
717,0.5360422730445862,1,0
718,0.3049425184726715,0,0
719,0.3762965798377991,0,0
720,0.4126257002353668,0,0
721,0.32825249433517456,0,0
722,0.1367923766374588,0,0
723,0.23611381649971008,0,0
724,0.6282892823219299,1,1
725,0.8364376425743103,1,1
726,0.6605209112167358,1,1
727,0.7552329301834106,1,1
728,0.6702165603637695,1,1
729,0.586330235004425,1,1
730,0.3943426311016083,0,1
731,0.7000745534896851,1,1
732,0.34559640288352966,0,0
733,0.2552392780780792,0,0
734,0.42391353845596313,0,0
735,0.47621411085128784,0,0
736,0.3859688341617584,0,0
737,0.4397994577884674,0,0
738,0.7397741079330444,1,1
739,0.6282846331596375,1,1
740,0.640093207359314,1,1
741,0.8263875246047974,1,1
742,0.6788015365600586,1,1
743,0.8079785704612732,1,1
744,0.8084467649459839,1,1
745,0.29752734303474426,0,0
746,0.658976137638092,1,0
747,0.44348663091659546,0,0
748,0.5534347891807556,1,1
749,0.6196238994598389,1,1
750,0.3817024827003479,0,0
751,0.3945372700691223,0,0
752,0.8900465965270996,1,1
753,0.7942135334014893,1,1
754,0.5041944980621338,1,1
755,0.5267587900161743,1,1
756,0.8015347719192505,1,1
757,0.7731227874755859,1,1
758,0.7991858720779419,1,1
759,0.7305943965911865,1,0
760,0.6218786239624023,1,0
761,0.56193608045578,1,0
762,0.6338045001029968,1,0
763,0.6534743905067444,1,0
764,0.5638381838798523,1,0
765,0.5028873085975647,1,0
766,0.3782880902290344,0,0
767,0.32779887318611145,0,0
768,0.19967205822467804,0,0
769,0.2936645448207855,0,0
770,0.48596638441085815,0,0
771,0.47169867157936096,0,0
772,0.31981930136680603,0,0
773,0.24668289721012115,0,0
774,0.1625741422176361,0,0
775,0.25151345133781433,0,0
776,0.09582971781492233,0,0
777,0.15813741087913513,0,1
778,0.30594968795776367,0,1
779,0.4628604054450989,0,1
780,0.3871597945690155,0,1
781,0.19107374548912048,0,1
782,0.36602574586868286,0,0
783,0.26362207531929016,0,0
784,0.3160410225391388,0,0
785,0.5539241433143616,1,0
786,0.5112334489822388,1,1
787,0.3072415292263031,0,1
788,0.24845322966575623,0,1
789,0.30796530842781067,0,1
790,0.59327232837677,1,1
791,0.45966094732284546,0,1
792,0.46171703934669495,0,1
793,0.6108453869819641,1,1
794,0.5843913555145264,1,1
795,0.8285251259803772,1,1
796,0.8178072571754456,1,1
797,0.7586798667907715,1,1
798,0.7006587982177734,1,1
799,0.7569407820701599,1,1
800,0.8068696856498718,1,1
801,0.5160523653030396,1,1
802,0.7083892226219177,1,1
803,0.7292523384094238,1,1
804,0.5755743384361267,1,1
805,0.7870774269104004,1,1
806,0.24017077684402466,0,0
807,0.12718096375465393,0,0
808,0.46991074085235596,0,0
809,0.20394732058048248,0,0
810,0.3722798526287079,0,0
811,0.5114477872848511,1,0
812,0.24460268020629883,0,0
813,0.7625744938850403,1,0
814,0.6227742433547974,1,0
815,0.6389526724815369,1,0
816,0.3099340796470642,0,0
817,0.34319251775741577,0,0
818,0.640972375869751,1,1
819,0.6017382740974426,1,1
820,0.7390884160995483,1,1
821,0.5307666063308716,1,1
822,0.34278929233551025,0,1
823,0.09817948192358017,0,0
824,0.16080012917518616,0,0
825,0.7244006395339966,1,1
826,0.6384718418121338,1,1
827,0.5183958411216736,1,1
828,0.7489843368530273,1,1
829,0.7728275060653687,1,1
830,0.7341722846031189,1,1
831,0.652553379535675,1,1
832,0.7503007650375366,1,1
833,0.8738321661949158,1,1
834,0.13478465378284454,0,1
835,0.1510065644979477,0,1
836,0.5296370983123779,1,1
837,0.7886342406272888,1,0
838,0.672003448009491,1,0
839,0.5652649998664856,1,0
840,0.6669661402702332,1,0
841,0.08369502425193787,0,0
842,0.4559233784675598,0,0
843,0.3250316381454468,0,0
844,0.6306177973747253,1,0
845,0.31056517362594604,0,0
846,0.3936556279659271,0,0
847,0.5024439096450806,1,0
848,0.4720061123371124,0,0
849,0.21441906690597534,0,0
850,0.3212161362171173,0,0
851,0.48909035325050354,0,1
852,0.33728042244911194,0,1
853,0.29363009333610535,0,1
854,0.815430223941803,1,1
855,0.7624867558479309,1,1
856,0.6811975836753845,1,1
857,0.7979189157485962,1,1
858,0.7697300910949707,1,1
859,0.7960242033004761,1,1
860,0.7312788963317871,1,1
861,0.8275396227836609,1,1
862,0.355440616607666,0,1
863,0.4622844457626343,0,1
864,0.5590799450874329,1,1
865,0.5701135993003845,1,1
866,0.5023292303085327,1,1
867,0.6476813554763794,1,1
868,0.547053873538971,1,1
869,0.5647180080413818,1,1
870,0.5013435482978821,1,1
871,0.420957088470459,0,1
872,0.5887916684150696,1,1
873,0.4466509222984314,0,1
874,0.6790656447410583,1,0
875,0.3511393368244171,0,0
876,0.5331833958625793,1,1
877,0.7517543435096741,1,1
878,0.7791950106620789,1,1
879,0.7705190181732178,1,1
880,0.8149048686027527,1,1
881,0.5552510023117065,1,1
882,0.5382174849510193,1,1
883,0.21809428930282593,0,1
884,0.327694296836853,0,1
885,0.43500036001205444,0,1
886,0.7713568806648254,1,1
887,0.7397341132164001,1,1
888,0.690390408039093,1,1
889,0.5888200402259827,1,1
890,0.8343472480773926,1,1
891,0.6998218894004822,1,1
892,0.554125189781189,1,1
893,0.43621450662612915,0,1
894,0.6319901943206787,1,1
895,0.6050703525543213,1,1
896,0.6161774396896362,1,1
897,0.6010361909866333,1,1
898,0.6666333675384521,1,1
899,0.556199312210083,1,1
900,0.5626384615898132,1,1
901,0.6075053811073303,1,1
902,0.2589587867259979,0,0
903,0.18925021588802338,0,0
904,0.07063797116279602,0,0
905,0.4053087830543518,0,1
906,0.8384616374969482,1,0
907,0.46997979283332825,0,0
908,0.7382059097290039,1,0
909,0.7700545787811279,1,0
910,0.8558730483055115,1,0
911,0.7613973617553711,1,0
912,0.8334077596664429,1,0
913,0.5886244177818298,1,1
914,0.7652556896209717,1,1
915,0.1134701818227768,0,0
916,0.6266001462936401,1,1
917,0.6442642211914062,1,1
918,0.4375009536743164,0,1
919,0.48582544922828674,0,1
920,0.8300977945327759,1,1
921,0.48882508277893066,0,1
922,0.7689974308013916,1,1
923,0.5123797655105591,1,1
924,0.6948442459106445,1,1
925,0.7621768116950989,1,1
926,0.5954553484916687,1,1
927,0.8416230082511902,1,0
928,0.659701406955719,1,0
929,0.6980211734771729,1,0
930,0.6905712485313416,1,0
931,0.7292907238006592,1,0
932,0.4086925685405731,0,0
933,0.58479243516922,1,1
934,0.5653086304664612,1,1
935,0.7594314813613892,1,1
936,0.6724960207939148,1,1
937,0.3478550612926483,0,0
938,0.2898622155189514,0,0
939,0.5646177530288696,1,0
940,0.5301634073257446,1,0
941,0.2422385960817337,0,0
942,0.12418877333402634,0,0
943,0.4529483914375305,0,0
944,0.5387791991233826,1,0
945,0.5622281432151794,1,0
946,0.8203406929969788,1,0
947,0.3872988522052765,0,0
948,0.5232202410697937,1,0
949,0.6062363982200623,1,0
950,0.4330565333366394,0,1
951,0.5779799818992615,1,1
952,0.5724405646324158,1,1
953,0.6254393458366394,1,1
954,0.4649861752986908,0,1
955,0.8433014750480652,1,1
956,0.7755452990531921,1,1
957,0.7672117948532104,1,1
958,0.5696992874145508,1,1
959,0.4720516502857208,0,1
960,0.8575113415718079,1,1
961,0.3631177842617035,0,0
962,0.6179491877555847,1,0
963,0.5188696384429932,1,0
964,0.441359281539917,0,0
965,0.3379988968372345,0,0
966,0.7690520882606506,1,1
967,0.6307450532913208,1,1
968,0.7970628142356873,1,1
969,0.5814653635025024,1,0
970,0.4527517557144165,0,0
971,0.5939146876335144,1,0
972,0.5349776148796082,1,0
973,0.3734837472438812,0,0
974,0.7791875004768372,1,0
975,0.14335349202156067,0,0
976,0.30246588587760925,0,0
977,0.5829792022705078,1,0
978,0.29119399189949036,0,0
979,0.35600051283836365,0,0
980,0.10552659630775452,0,0
981,0.7553067803382874,1,1
982,0.7859099507331848,1,1
983,0.8046838641166687,1,1
984,0.827240526676178,1,1
985,0.6377438306808472,1,1
986,0.44164663553237915,0,1
987,0.7263129353523254,1,1
988,0.2572689652442932,0,1
989,0.22435174882411957,0,1
990,0.33165040612220764,0,1
991,0.5778431296348572,1,1
992,0.633134126663208,1,1
993,0.3069431185722351,0,1
994,0.5230419635772705,1,1
995,0.7207794785499573,1,1
996,0.4236273467540741,0,1
997,0.6036036014556885,1,1
998,0.3889930546283722,0,1
999,0.5549474358558655,1,1
1000,0.7944490313529968,1,1
1001,0.547410786151886,1,1
1002,0.5976476669311523,1,1
1003,0.8448371887207031,1,1
1004,0.8083938360214233,1,1
1005,0.700228214263916,1,1
1006,0.6983392238616943,1,1
1007,0.7334502339363098,1,1
1008,0.7617744207382202,1,1
1009,0.6485939621925354,1,1
1010,0.7695121169090271,1,1
1011,0.7550930976867676,1,1
1012,0.415764182806015,0,0
1013,0.48252275586128235,0,0
1014,0.5472782850265503,1,0
1015,0.5172641277313232,1,0
1016,0.4096206724643707,0,0
1017,0.28822624683380127,0,0
1018,0.0884215459227562,0,0
1019,0.04590824618935585,0,0
1020,0.01598796248435974,0,0
1021,0.5321269631385803,1,0
1022,0.3598363995552063,0,0
1023,0.20267190039157867,0,0
1024,0.38455164432525635,0,0
1025,0.8164429068565369,1,1
1026,0.77128666639328,1,1
1027,0.6380665302276611,1,1
1028,0.8178852200508118,1,1
1029,0.7353026866912842,1,1
1030,0.6923459768295288,1,1
1031,0.7563974261283875,1,1
1032,0.571955680847168,1,1
1033,0.5419921875,1,1
1034,0.8215054869651794,1,1
1035,0.40260282158851624,0,1
1036,0.13360163569450378,0,0
1037,0.37361329793930054,0,0
1038,0.6628156304359436,1,0
1039,0.6954985857009888,1,0
1040,0.471359521150589,0,0
1041,0.008036554791033268,0,0
1042,0.013508266769349575,0,0
1043,0.22598488628864288,0,1
1044,0.39400288462638855,0,1
1045,0.29072415828704834,0,1
1046,0.38650909066200256,0,1
1047,0.05987193435430527,0,1
1048,0.11450481414794922,0,1
1049,0.42153093218803406,0,1
1050,0.6208422183990479,1,1
1051,0.7333658933639526,1,1
1052,0.49944889545440674,0,1
1053,0.5626336932182312,1,1
1054,0.43013715744018555,0,1
1055,0.11391352117061615,0,1
1056,0.6884415745735168,1,1
1057,0.278638631105423,0,1
1058,0.7232813239097595,1,1
1059,0.3731544017791748,0,0
1060,0.5561403036117554,1,0
1061,0.18352633714675903,0,0
1062,0.3085239827632904,0,0
1063,0.5577463507652283,1,0
1064,0.3764547109603882,0,0
1065,0.20655027031898499,0,0
1066,0.7463079690933228,1,1
1067,0.5450991988182068,1,1
1068,0.718963623046875,1,1
1069,0.42071694135665894,0,1
1070,0.6205199360847473,1,1
1071,0.46793806552886963,0,1
1072,0.5760621428489685,1,1
1073,0.5433933138847351,1,1
1074,0.5889917016029358,1,1
1075,0.5679296255111694,1,1
1076,0.28697648644447327,0,0
1077,0.6743963360786438,1,1
1078,0.6676061153411865,1,1
1079,0.4884399175643921,0,1
1080,0.3299601078033447,0,1
1081,0.4976617395877838,0,1
1082,0.5149180293083191,1,1
1083,0.5148633718490601,1,1
1084,0.1844431608915329,0,0
1085,0.16133156418800354,0,0
1086,0.324704647064209,0,0
1087,0.2351253628730774,0,0
1088,0.10822433978319168,0,0
1089,0.09283268451690674,0,0
1090,0.5757905840873718,1,1
1091,0.33306965231895447,0,1
1092,0.32076799869537354,0,1
1093,0.13237729668617249,0,1
1094,0.7079293727874756,1,1
1095,0.16819284856319427,0,1
1096,0.7530297040939331,1,1
1097,0.5745064616203308,1,1
1098,0.8160465955734253,1,1
1099,0.6908309459686279,1,1
1100,0.5856049656867981,1,1
1101,0.6960536241531372,1,1
1102,0.7957826852798462,1,1
1103,0.6816146969795227,1,1
1104,0.5938785672187805,1,1
1105,0.29633888602256775,0,1
1106,0.1488518863916397,0,0
1107,0.10614296048879623,0,0
1108,0.07995937764644623,0,0
1109,0.6265408992767334,1,1
1110,0.4178662896156311,0,1
1111,0.5760176777839661,1,1
1112,0.36443448066711426,0,1
1113,0.6496327519416809,1,1
1114,0.4322437345981598,0,1
1115,0.46599793434143066,0,1
1116,0.8063169717788696,1,1
1117,0.5820697546005249,1,1
1118,0.5355071425437927,1,1
1119,0.7345567345619202,1,1
1120,0.6997203826904297,1,1
1121,0.7516223788261414,1,1
1122,0.7585731744766235,1,1
1123,0.5652844905853271,1,1
1124,0.8808259963989258,1,0
1125,0.7866166234016418,1,0
1126,0.6891845464706421,1,0
1127,0.7311831116676331,1,0
1128,0.5612444281578064,1,0
1129,0.08169771730899811,0,0
1130,0.28645458817481995,0,0
1131,0.22914689779281616,0,0
1132,0.6111636161804199,1,1
1133,0.7378618121147156,1,1
1134,0.7581793665885925,1,1
1135,0.4873630106449127,0,1
1136,0.7007213234901428,1,1
1137,0.23313842713832855,0,1
1138,0.7819660305976868,1,1
1139,0.741412878036499,1,1
1140,0.712537407875061,1,1
1141,0.18885023891925812,0,0
1142,0.2621796131134033,0,0
1143,0.12579232454299927,0,0
1144,0.1934276670217514,0,0
1145,0.7721101641654968,1,1
1146,0.6830792427062988,1,1
1147,0.700721800327301,1,1
1148,0.8626507520675659,1,1
1149,0.8183171153068542,1,1
1150,0.7807815074920654,1,1
1151,0.6612169146537781,1,1
1152,0.8021366000175476,1,1
1153,0.6608239412307739,1,0
1154,0.5558302402496338,1,0
1155,0.7181549072265625,1,0
1156,0.6579641103744507,1,0
1157,0.6538422107696533,1,1
1158,0.7889207601547241,1,1
1159,0.7800505757331848,1,1
1160,0.7787736654281616,1,1
1161,0.8097391724586487,1,1
1162,0.4065020978450775,0,0
1163,0.7924470901489258,1,0
1164,0.4499320089817047,0,0
1165,0.7166277170181274,1,0
1166,0.6086147427558899,1,0
1167,0.5774431824684143,1,0
1168,0.7426987886428833,1,1
1169,0.579275369644165,1,1
1170,0.7369937896728516,1,1
1171,0.7415016293525696,1,1
1172,0.7212194204330444,1,1
1173,0.7096983194351196,1,1
1174,0.5196514129638672,1,1
1175,0.6170095801353455,1,1
1176,0.6048753261566162,1,1
1177,0.7998323440551758,1,1
1178,0.8067640662193298,1,1
1179,0.6066709756851196,1,1
1180,0.6392069458961487,1,1
1181,0.7695367932319641,1,1
1182,0.8802719712257385,1,1
1183,0.20663444697856903,0,0
1184,0.5063666105270386,1,0
1185,0.39654672145843506,0,0
1186,0.33835455775260925,0,0
1187,0.28176814317703247,0,0
1188,0.6471927165985107,1,1
1189,0.5793927907943726,1,1
1190,0.6141960620880127,1,1
1191,0.681736409664154,1,1
1192,0.30321505665779114,0,1
1193,0.2807764708995819,0,0
1194,0.5287975072860718,1,0
1195,0.2657141089439392,0,0
1196,0.20568808913230896,0,0
1197,0.33670279383659363,0,0
1198,0.6353306770324707,1,0
1199,0.5485804677009583,1,0
1200,0.4557037353515625,0,0
1201,0.6819537281990051,1,0
1202,0.4702903628349304,0,0
1203,0.5593389868736267,1,1
1204,0.444174200296402,0,1
1205,0.14468185603618622,0,1
1206,0.5139173269271851,1,1
1207,0.4637714922428131,0,1
1208,0.4970126748085022,0,1
1209,0.5559839010238647,1,1
1210,0.5714506506919861,1,1
1211,0.5035667419433594,1,1
1212,0.5311657786369324,1,1
1213,0.5291317105293274,1,1
1214,0.6662553548812866,1,1
1215,0.489849716424942,0,1
1216,0.7984879612922668,1,1
1217,0.6089515686035156,1,1
1218,0.84032142162323,1,1
1219,0.7197532653808594,1,1
1220,0.6821319460868835,1,1
1221,0.8497884273529053,1,1
1222,0.7907516360282898,1,1
1223,0.7358489632606506,1,1
1224,0.7908927798271179,1,1
1225,0.5014430284500122,1,1
1226,0.07056824117898941,0,0
1227,0.05007799342274666,0,0
1228,0.20252183079719543,0,0
1229,0.5084806680679321,1,0
1230,0.33673349022865295,0,0
1231,0.2268781214952469,0,0
1232,0.2607191503047943,0,0
1233,0.7803990244865417,1,1
1234,0.5527282357215881,1,1
1235,0.7310193777084351,1,1
1236,0.5124892592430115,1,1
1237,0.5734682083129883,1,1
1238,0.35890325903892517,0,1
1239,0.7378449440002441,1,1
1240,0.6058796048164368,1,1
1241,0.6583106517791748,1,1
1242,0.3526393175125122,0,1
1243,0.6452293992042542,1,1
1244,0.6607902646064758,1,1
1245,0.44148245453834534,0,1
1246,0.6280785202980042,1,1
1247,0.5143029093742371,1,1
1248,0.6004952192306519,1,1
1249,0.7372687458992004,1,1
1250,0.7629578709602356,1,1
1251,0.7595078945159912,1,1
1252,0.690957248210907,1,1
1253,0.5494377017021179,1,1
1254,0.7499529123306274,1,1
1255,0.6081307530403137,1,1
1256,0.14272204041481018,0,1
1257,0.18436211347579956,0,1
1258,0.3446083962917328,0,1
1259,0.13388824462890625,0,0
1260,0.23914587497711182,0,0
1261,0.228940948843956,0,0
1262,0.12035200744867325,0,0
1263,0.4447396397590637,0,0
1264,0.259220153093338,0,0
1265,0.11878743767738342,0,0
1266,0.6772701144218445,1,0
1267,0.7429149746894836,1,1
1268,0.5984015464782715,1,1
1269,0.6350934505462646,1,1
1270,0.6074997186660767,1,1
1271,0.679691731929779,1,1
1272,0.3059300184249878,0,0
1273,0.5443751215934753,1,0
1274,0.4293459355831146,0,0
1275,0.43329551815986633,0,0
1276,0.16929268836975098,0,0
1277,0.03919949382543564,0,1
1278,0.47738274931907654,0,1
1279,0.09903059899806976,0,1
1280,0.48943382501602173,0,1
1281,0.48347464203834534,0,0
1282,0.6171221733093262,1,0
1283,0.11774180084466934,0,0
1284,0.43852394819259644,0,0
1285,0.6600110530853271,1,0
1286,0.6676883101463318,1,0
1287,0.6126888990402222,1,1
1288,0.63064044713974,1,1
1289,0.4063974618911743,0,1
1290,0.7045536637306213,1,1
1291,0.6297824382781982,1,1
1292,0.2441706657409668,0,0
1293,0.2928047776222229,0,0
1294,0.36015403270721436,0,0
1295,0.18938498198986053,0,0
1296,0.13959072530269623,0,0
1297,0.2789289951324463,0,0
1298,0.09842938929796219,0,0
1299,0.12973716855049133,0,0
1300,0.25473451614379883,0,0
1301,0.1894870102405548,0,0
1302,0.13511677086353302,0,0
1303,0.4286467432975769,0,1
1304,0.5689928531646729,1,1
1305,0.3068699836730957,0,1
1306,0.6260920166969299,1,1
1307,0.5218755602836609,1,1
1308,0.2628099024295807,0,1
1309,0.8349485397338867,1,1
1310,0.8828669786453247,1,1
1311,0.8709874153137207,1,1
1312,0.8200651407241821,1,1
1313,0.7922382354736328,1,1
1314,0.8248010873794556,1,1
1315,0.7808582782745361,1,1
1316,0.811340868473053,1,1
1317,0.7895287275314331,1,1
1318,0.6513115763664246,1,1
1319,0.7296857237815857,1,0
1320,0.10229326039552689,0,0
1321,0.2462504357099533,0,1
1322,0.5460468530654907,1,1
1323,0.5512624382972717,1,1
1324,0.42137259244918823,0,1
1325,0.6098518371582031,1,1
1326,0.6645039916038513,1,1
1327,0.1833418607711792,0,0
1328,0.14427033066749573,0,0
1329,0.6190104484558105,1,1
1330,0.7416064739227295,1,1
1331,0.6373037695884705,1,1
1332,0.8859581351280212,1,1
1333,0.8468850255012512,1,1
1334,0.6559060215950012,1,1
1335,0.8559702038764954,1,1
1336,0.6669297218322754,1,1
1337,0.5660238862037659,1,1
1338,0.6004771590232849,1,1
1339,0.41536885499954224,0,1
1340,0.5570847392082214,1,1
1341,0.4072049558162689,0,1
1342,0.2575805187225342,0,0
1343,0.2487884759902954,0,1
1344,0.42642584443092346,0,1
1345,0.5770060420036316,1,0
1346,0.42918944358825684,0,0
1347,0.23897479474544525,0,0
1348,0.17050801217556,0,0
1349,0.1040719524025917,0,0
1350,0.22691702842712402,0,0
1351,0.3358357846736908,0,0
1352,0.506374716758728,1,0
1353,0.1090744286775589,0,0
1354,0.15137478709220886,0,0
1355,0.13978880643844604,0,0
1356,0.2841719388961792,0,0
1357,0.7965006828308105,1,1
1358,0.6911233067512512,1,1
1359,0.7502002120018005,1,1
1360,0.736992359161377,1,1
1361,0.8186729550361633,1,1
1362,0.5218960046768188,1,0
1363,0.4547461271286011,0,0
1364,0.5287231206893921,1,0
1365,0.40819984674453735,0,0
1366,0.23477691411972046,0,0
1367,0.3131362199783325,0,0
1368,0.3536067306995392,0,0
1369,0.5481297373771667,1,0
1370,0.6399559378623962,1,0
1371,0.45328518748283386,0,0
1372,0.7541927099227905,1,0
1373,0.6503311395645142,1,0
1374,0.6740562915802002,1,0
1375,0.47046366333961487,0,0
1376,0.419631689786911,0,0
1377,0.3836534023284912,0,0
1378,0.4455712139606476,0,0
1379,0.8077274560928345,1,0
1380,0.5387138724327087,1,0
1381,0.6408818960189819,1,0
1382,0.31339120864868164,0,0
1383,0.5495973229408264,1,0
1384,0.7206963896751404,1,1
1385,0.7937941551208496,1,1
1386,0.6954046487808228,1,1
1387,0.42741677165031433,0,1
1388,0.8150911927223206,1,1
1389,0.7128242254257202,1,1
1390,0.6251403093338013,1,1
1391,0.6073744893074036,1,1
1392,0.7986804842948914,1,1
1393,0.8184084296226501,1,1
1394,0.7662056684494019,1,1
1395,0.6839672923088074,1,1
1396,0.686170220375061,1,1
1397,0.7761815190315247,1,1
1398,0.8559067249298096,1,1
1399,0.6095646023750305,1,1
1400,0.5868248343467712,1,1
1401,0.8390970826148987,1,1
1402,0.8068907260894775,1,1
1403,0.4094714820384979,0,1
1404,0.7266215682029724,1,1
1405,0.6306627988815308,1,1
1406,0.7445955276489258,1,1
1407,0.47279196977615356,0,1
1408,0.5705071091651917,1,1
1409,0.5792369842529297,1,1
1410,0.7137539982795715,1,1
1411,0.6191161870956421,1,1
1412,0.4009586274623871,0,1
1413,0.528454065322876,1,1
1414,0.7545344233512878,1,1
1415,0.687175989151001,1,1
1416,0.7725984454154968,1,1
1417,0.5513109564781189,1,1
1418,0.4606351852416992,0,1
1419,0.5235253572463989,1,1
1420,0.5579798221588135,1,1
1421,0.6578768491744995,1,1
1422,0.6057018041610718,1,1
1423,0.585048258304596,1,1
1424,0.26535025238990784,0,0
1425,0.38463059067726135,0,0
1426,0.25222674012184143,0,0
1427,0.2921305298805237,0,1
1428,0.32774972915649414,0,1
1429,0.5848549008369446,1,1
1430,0.7890445590019226,1,1
1431,0.2594889998435974,0,1
1432,0.3925620913505554,0,1
1433,0.5162310600280762,1,1
1434,0.6599452495574951,1,0
1435,0.522540271282196,1,0
1436,0.48157015442848206,0,0
1437,0.4304471015930176,0,0
1438,0.8724902272224426,1,0
1439,0.794721245765686,1,0
1440,0.8156871795654297,1,0
1441,0.8118301630020142,1,0
1442,0.14306508004665375,0,0
1443,0.02971956692636013,0,0
1444,0.04113519564270973,0,0
1445,0.6648451685905457,1,1
1446,0.6084762215614319,1,1
1447,0.4800646901130676,0,1
1448,0.4630694091320038,0,1
1449,0.42230257391929626,0,1
1450,0.7445871233940125,1,1
1451,0.6651648879051208,1,1
1452,0.6936944127082825,1,1
1453,0.47113004326820374,0,1
1454,0.6511604189872742,1,1
1455,0.7791106700897217,1,1
1456,0.7902321815490723,1,1
1457,0.65207839012146,1,1
1458,0.42263075709342957,0,0
1459,0.49096783995628357,0,0
1460,0.23521336913108826,0,0
1461,0.6963320374488831,1,1
1462,0.33164453506469727,0,1
1463,0.49523282051086426,0,1
1464,0.7479661703109741,1,1
1465,0.4454675316810608,0,1
1466,0.6297873854637146,1,0
1467,0.4449334144592285,0,0
1468,0.21324466168880463,0,0
1469,0.25464239716529846,0,0
1470,0.29849642515182495,0,0
1471,0.29337236285209656,0,0
1472,0.21636541187763214,0,0
1473,0.2460966557264328,0,0
1474,0.45801445841789246,0,1
1475,0.3601382374763489,0,1
1476,0.6656243205070496,1,1
1477,0.4946170449256897,0,1
1478,0.7915610074996948,1,1
1479,0.7122810482978821,1,1
1480,0.15566565096378326,0,1
1481,0.4031379818916321,0,1
1482,0.3764277398586273,0,1
1483,0.5758171081542969,1,1
1484,0.46046552062034607,0,1
1485,0.24629445374011993,0,1
1486,0.17703033983707428,0,1
1487,0.24950163066387177,0,1
1488,0.21300578117370605,0,0
1489,0.3771997094154358,0,0
1490,0.6781225800514221,1,1
1491,0.44112929701805115,0,1
1492,0.42200979590415955,0,1
1493,0.5648010969161987,1,1
1494,0.15352514386177063,0,1
1495,0.29971492290496826,0,1
1496,0.524941086769104,1,1
1497,0.49762529134750366,0,1
1498,0.3765498101711273,0,1
1499,0.4874080419540405,0,1
1500,0.5744279623031616,1,0
1501,0.5527694225311279,1,0
1502,0.3567294180393219,0,0
1503,0.5488851070404053,1,0
1504,0.35663658380508423,0,1
1505,0.5837293267250061,1,1
1506,0.6897310018539429,1,1
1507,0.6847588419914246,1,1
1508,0.44757336378097534,0,1
1509,0.3715742528438568,0,1
1510,0.5624223351478577,1,1
1511,0.6283671855926514,1,1
1512,0.7143904566764832,1,1
1513,0.651361346244812,1,1
1514,0.5878202319145203,1,1
1515,0.44518762826919556,0,1
1516,0.5275536775588989,1,1
1517,0.6084160208702087,1,0
1518,0.6621885895729065,1,0
1519,0.5636451244354248,1,0
1520,0.6195725202560425,1,0
1521,0.8105754256248474,1,0
1522,0.3261100947856903,0,0
1523,0.5645935535430908,1,0
1524,0.5516470670700073,1,0
1525,0.2998899817466736,0,0
1526,0.5255721807479858,1,0
1527,0.5409870743751526,1,0
1528,0.47059789299964905,0,0
1529,0.4564814567565918,0,0
1530,0.3696969449520111,0,0
1531,0.3007342219352722,0,0
1532,0.28185421228408813,0,0
1533,0.13051235675811768,0,0
1534,0.33912569284439087,0,0
1535,0.389384925365448,0,0
1536,0.3896034359931946,0,1
1537,0.6984639763832092,1,1
1538,0.6512539386749268,1,1
1539,0.5799316167831421,1,1
1540,0.5820795297622681,1,1
1541,0.5953928828239441,1,1
1542,0.41867339611053467,0,1
1543,0.3758929967880249,0,1
1544,0.41001197695732117,0,1
1545,0.5891497135162354,1,1
1546,0.6153777837753296,1,1
1547,0.7443782687187195,1,1
1548,0.6973993182182312,1,1
1549,0.7792152762413025,1,1
1550,0.8388258814811707,1,1
1551,0.22476615011692047,0,0
1552,0.16148601472377777,0,0
1553,0.29788145422935486,0,0
1554,0.4399022161960602,0,0
1555,0.5751446485519409,1,0
1556,0.5174068808555603,1,0
1557,0.5569104552268982,1,0
1558,0.3246878385543823,0,0
1559,0.43846356868743896,0,0
1560,0.259586364030838,0,0
1561,0.2731294333934784,0,0
1562,0.1407810002565384,0,0
1563,0.371707946062088,0,1
1564,0.15657804906368256,0,1
1565,0.7314397096633911,1,1
1566,0.7003083229064941,1,1
1567,0.5905801057815552,1,1
1568,0.7943686842918396,1,1
1569,0.7914625406265259,1,1
1570,0.7907153964042664,1,1
1571,0.5226070284843445,1,1
1572,0.4702579081058502,0,1
1573,0.5789326429367065,1,1
1574,0.5280268788337708,1,1
1575,0.5186610221862793,1,1
1576,0.69748854637146,1,1
1577,0.7371720671653748,1,1
1578,0.5036935210227966,1,1
1579,0.3016829490661621,0,1
1580,0.5689462423324585,1,1
1581,0.6521753072738647,1,1
1582,0.5433963537216187,1,0
1583,0.4482363164424896,0,0
1584,0.605816125869751,1,0
1585,0.3961014151573181,0,0
1586,0.4440973401069641,0,0
1587,0.45049968361854553,0,0
1588,0.6956034302711487,1,1
1589,0.7878612875938416,1,1
1590,0.16752679646015167,0,0
1591,0.39067915081977844,0,0
1592,0.1816527545452118,0,0
1593,0.16637729108333588,0,0
1594,0.09768487513065338,0,0
1595,0.2983115315437317,0,1
1596,0.6392009854316711,1,1
1597,0.3016027808189392,0,1
1598,0.6873090863227844,1,1
1599,0.5299595594406128,1,1
1600,0.4274686872959137,0,1
1601,0.509523332118988,1,1
1602,0.18662337958812714,0,1
1603,0.6225164532661438,1,1
1604,0.7807075381278992,1,0
1605,0.6389919519424438,1,0
1606,0.7089765667915344,1,0
1607,0.6858107447624207,1,0
1608,0.7233037948608398,1,0
1609,0.585503101348877,1,1
1610,0.5803306102752686,1,1
1611,0.12567414343357086,0,0
1612,0.24222667515277863,0,0
1613,0.3490471839904785,0,0
1614,0.768865704536438,1,0
1615,0.588274359703064,1,0
1616,0.6853067278862,1,0
1617,0.41630417108535767,0,0
1618,0.7570550441741943,1,0
1619,0.7990683317184448,1,0
1620,0.6086071729660034,1,0
1621,0.7544920444488525,1,0
1622,0.8069922924041748,1,0
1623,0.7653316259384155,1,0
1624,0.6522709131240845,1,0
1625,0.8022878766059875,1,0
1626,0.28914856910705566,0,1
1627,0.5426809787750244,1,1
1628,0.6229789853096008,1,1
1629,0.3347184360027313,0,1
1630,0.3548627197742462,0,1
1631,0.4201054275035858,0,1
1632,0.452933132648468,0,1
1633,0.15613308548927307,0,0
1634,0.24455539882183075,0,0
1635,0.7060996294021606,1,0
1636,0.2983008921146393,0,0
1637,0.38761112093925476,0,0
1638,0.2944772243499756,0,0
1639,0.7130310535430908,1,0
1640,0.4767545461654663,0,0
1641,0.1438044011592865,0,0
1642,0.09008391201496124,0,0
1643,0.6343755722045898,1,1
1644,0.43329712748527527,0,1
1645,0.35479775071144104,0,1
1646,0.6432342529296875,1,1
1647,0.533555269241333,1,1
1648,0.5357208251953125,1,1
1649,0.5625154376029968,1,1
1650,0.5702528953552246,1,0
1651,0.5606889128684998,1,0
1652,0.6904045343399048,1,0
1653,0.4774506986141205,0,0
1654,0.7988265752792358,1,0
1655,0.793717086315155,1,0
1656,0.3463868200778961,0,0
1657,0.6574022769927979,1,1
1658,0.6681156754493713,1,1
1659,0.5562589168548584,1,1
1660,0.40995317697525024,0,1
1661,0.6408484578132629,1,1
1662,0.5596444606781006,1,1
1663,0.7825453281402588,1,1
1664,0.4505380690097809,0,1
1665,0.36653435230255127,0,1
1666,0.7443112134933472,1,1
1667,0.7548418045043945,1,1
1668,0.5996407270431519,1,1
1669,0.24828551709651947,0,0
1670,0.38935911655426025,0,0
1671,0.23968686163425446,0,0
1672,0.4587573707103729,0,0
1673,0.38182687759399414,0,1
1674,0.28092652559280396,0,1
1675,0.11032801866531372,0,1
1676,0.3990778923034668,0,1
1677,0.7195160984992981,1,1
1678,0.7224900722503662,1,1
1679,0.5645385384559631,1,1
1680,0.519439160823822,1,1
1681,0.477763831615448,0,1
1682,0.6795424818992615,1,1
1683,0.6727243661880493,1,1
1684,0.5688474774360657,1,1
1685,0.6872599124908447,1,1
1686,0.3113676905632019,0,1
1687,0.19135795533657074,0,1
1688,0.3734241724014282,0,1
1689,0.5437126159667969,1,1
1690,0.5253192782402039,1,1
1691,0.5312436819076538,1,1
1692,0.5705450773239136,1,1
1693,0.5863319635391235,1,1
1694,0.6550725102424622,1,1
1695,0.6705596446990967,1,1
1696,0.5526629686355591,1,1
1697,0.7376697063446045,1,1
1698,0.5063750147819519,1,1
1699,0.6842507719993591,1,1
1700,0.6432923674583435,1,1
1701,0.5316141247749329,1,1
1702,0.502190351486206,1,1
1703,0.5556154251098633,1,1
1704,0.09536945819854736,0,0
1705,0.5089969635009766,1,0
1706,0.1986571103334427,0,0
1707,0.612714946269989,1,0
1708,0.12258139997720718,0,0
1709,0.5881907343864441,1,0
1710,0.30296751856803894,0,0
1711,0.1617024838924408,0,0
1712,0.536974310874939,1,0
1713,0.32313790917396545,0,0
1714,0.3385743200778961,0,0
1715,0.48700281977653503,0,0
1716,0.7612431645393372,1,0
1717,0.7186954617500305,1,0
1718,0.562404990196228,1,0
1719,0.5201840996742249,1,0
1720,0.6001328825950623,1,1
1721,0.7354910373687744,1,1
1722,0.8107348084449768,1,1
1723,0.8180863261222839,1,1
1724,0.5838342905044556,1,1
1725,0.5290824174880981,1,1
1726,0.3594549000263214,0,0
1727,0.46925637125968933,0,0
1728,0.32327792048454285,0,0
1729,0.401630699634552,0,0
1730,0.48914650082588196,0,0
1731,0.44123417139053345,0,1
1732,0.4005507528781891,0,1
1733,0.43824321031570435,0,1
1734,0.6672192811965942,1,1
1735,0.5458714365959167,1,1
1736,0.3362586498260498,0,1
1737,0.7249349355697632,1,1
1738,0.3459304869174957,0,1
1739,0.6430189609527588,1,1
1740,0.4329995810985565,0,1
1741,0.7048076391220093,1,1
1742,0.6602628827095032,1,1
1743,0.6837576627731323,1,1
1744,0.532486617565155,1,0
1745,0.45505788922309875,0,0
1746,0.4620625972747803,0,0
1747,0.2790118455886841,0,0
1748,0.25042811036109924,0,0
1749,0.26544296741485596,0,0
1750,0.33355993032455444,0,0
1751,0.14848235249519348,0,0
1752,0.1939559131860733,0,0
1753,0.14576312899589539,0,0
1754,0.3933170437812805,0,0
1755,0.2946348190307617,0,0
1756,0.5014268755912781,1,1
1757,0.39570534229278564,0,1
1758,0.22850751876831055,0,1
1759,0.4140646159648895,0,1
1760,0.5739262104034424,1,1
1761,0.533639132976532,1,1
1762,0.23945724964141846,0,0
1763,0.21912233531475067,0,0
1764,0.4115317165851593,0,0
1765,0.48179903626441956,0,0
1766,0.23508916795253754,0,0
1767,0.4147621691226959,0,0
1768,0.6375960111618042,1,0
1769,0.5975477695465088,1,0
1770,0.17454715073108673,0,0
1771,0.45243024826049805,0,0
1772,0.1462748944759369,0,0
1773,0.12583990395069122,0,0
1774,0.22712530195713043,0,0
1775,0.6751944422721863,1,0
1776,0.7531097531318665,1,0
1777,0.2910195291042328,0,0
1778,0.2678898572921753,0,0
1779,0.3319333791732788,0,0
1780,0.3824048936367035,0,0
1781,0.5028902292251587,1,0
1782,0.5554794669151306,1,0
1783,0.423017680644989,0,0
1784,0.516532838344574,1,0
1785,0.4174191951751709,0,0
1786,0.606997013092041,1,0
1787,0.6003097891807556,1,0
1788,0.37609395384788513,0,0
1789,0.6989656090736389,1,0
1790,0.12041652202606201,0,0
1791,0.2581314742565155,0,0
1792,0.16972139477729797,0,0
1793,0.5502353310585022,1,0
1794,0.2170352339744568,0,0
1795,0.22969897091388702,0,0
1796,0.36932075023651123,0,1
1797,0.48502856492996216,0,1
1798,0.5529213547706604,1,1
1799,0.6686593294143677,1,1
1800,0.4259331226348877,0,1
1801,0.24709422886371613,0,1
1802,0.6094828844070435,1,1
1803,0.5331923961639404,1,1
1804,0.29819896817207336,0,1
1805,0.27218031883239746,0,1
1806,0.6030328869819641,1,1
1807,0.4320581555366516,0,1
1808,0.7643995881080627,1,1
1809,0.659740686416626,1,1
1810,0.7293383479118347,1,1
1811,0.48836633563041687,0,1
1812,0.6584308743476868,1,1
1813,0.3846147656440735,0,0
1814,0.6766197085380554,1,0
1815,0.6232783198356628,1,0
1816,0.4561949670314789,0,0
1817,0.2915019094944,0,0
1818,0.20944392681121826,0,0
1819,0.4511971175670624,0,0
1820,0.4004363417625427,0,0
1821,0.36431005597114563,0,0
1822,0.3067479431629181,0,0
1823,0.2225947380065918,0,0
1824,0.3120076060295105,0,0
1825,0.22137941420078278,0,0
1826,0.6235206723213196,1,0
1827,0.3463883101940155,0,1
1828,0.7355509996414185,1,1
1829,0.4683813154697418,0,1
1830,0.4314050078392029,0,1
1831,0.5732887387275696,1,1
1832,0.6453441381454468,1,1
1833,0.6626511216163635,1,1
1834,0.6263213753700256,1,1
1835,0.3483472168445587,0,0
1836,0.5040534734725952,1,0
1837,0.15205922722816467,0,0
1838,0.24847030639648438,0,0
1839,0.2117113471031189,0,0
1840,0.20673927664756775,0,0
1841,0.5501078367233276,1,0
1842,0.6840627193450928,1,0
1843,0.6392061114311218,1,0
1844,0.5180299878120422,1,0
1845,0.7670098543167114,1,0
1846,0.36178019642829895,0,0
1847,0.15614381432533264,0,0
1848,0.6935722827911377,1,0
1849,0.059855859726667404,0,0
1850,0.28546762466430664,0,0
1851,0.3391665816307068,0,0
1852,0.3112049400806427,0,0
1853,0.2290627509355545,0,0
1854,0.40446317195892334,0,0
1855,0.35689157247543335,0,0
1856,0.4127036929130554,0,0
1857,0.21252372860908508,0,0
1858,0.5480939149856567,1,0
1859,0.5165368914604187,1,0
1860,0.4400500953197479,0,0
1861,0.4018576443195343,0,0
1862,0.045494820922613144,0,0
1863,0.7602584362030029,1,0
1864,0.4155091643333435,0,0
1865,0.30495795607566833,0,1
1866,0.5723689198493958,1,1
1867,0.36436450481414795,0,1
1868,0.5143502950668335,1,1
1869,0.5128687620162964,1,1
1870,0.47848087549209595,0,1
1871,0.704124391078949,1,1
1872,0.48822104930877686,0,0
1873,0.5030462145805359,1,0
1874,0.6552981734275818,1,0
1875,0.7185930013656616,1,0
1876,0.7560885548591614,1,0
1877,0.7821433544158936,1,0
1878,0.84517502784729,1,0
1879,0.7162340879440308,1,0
1880,0.7228356003761292,1,1
1881,0.7283403277397156,1,1
1882,0.6848575472831726,1,1
1883,0.8189722895622253,1,1
1884,0.6179455518722534,1,1
1885,0.8127754926681519,1,1
1886,0.8045169115066528,1,1
1887,0.8866074681282043,1,1
1888,0.5286726951599121,1,1
1889,0.8068792819976807,1,1
1890,0.3702138066291809,0,0
1891,0.5988584756851196,1,0
1892,0.31393277645111084,0,0
1893,0.3655092716217041,0,0
1894,0.35266736149787903,0,0
1895,0.26487109065055847,0,0
1896,0.5055856108665466,1,0
1897,0.4506725072860718,0,0
1898,0.23384566605091095,0,0
1899,0.3078311085700989,0,0
1900,0.6897624135017395,1,0
1901,0.6385677456855774,1,0
1902,0.5021425485610962,1,0
1903,0.43554559350013733,0,0
1904,0.656072735786438,1,0
1905,0.8176320195198059,1,0
1906,0.7332291603088379,1,0
1907,0.8334627151489258,1,0
1908,0.7613316774368286,1,0
1909,0.5802160501480103,1,0
1910,0.6971418857574463,1,1
1911,0.37662291526794434,0,1
1912,0.7428283095359802,1,1
1913,0.7470510601997375,1,1
1914,0.27303701639175415,0,1
1915,0.331138014793396,0,0
1916,0.24875584244728088,0,0
1917,0.29257023334503174,0,0
1918,0.46127796173095703,0,0
1919,0.213413268327713,0,0
1920,0.34988200664520264,0,0
1921,0.22670017182826996,0,0
1922,0.3810046911239624,0,0
1923,0.18211381137371063,0,0
1924,0.40718528628349304,0,0
1925,0.19266238808631897,0,0
1926,0.1520088165998459,0,0
1927,0.1536605805158615,0,0
1928,0.27668535709381104,0,0
1929,0.0864337757229805,0,0
1930,0.3007861077785492,0,0
1931,0.34802547097206116,0,0
1932,0.3075980544090271,0,0
1933,0.5120604038238525,1,0
1934,0.31607869267463684,0,0
1935,0.250256210565567,0,0
1936,0.4223090410232544,0,0
1937,0.2788259983062744,0,0
1938,0.33590537309646606,0,0
1939,0.264724999666214,0,0
1940,0.13529644906520844,0,0
1941,0.6788771152496338,1,1
1942,0.5383476614952087,1,1
1943,0.48137640953063965,0,1
1944,0.788690447807312,1,1
1945,0.49101290106773376,0,1
1946,0.6478983759880066,1,1
1947,0.4664504826068878,0,1
1948,0.49776366353034973,0,0
1949,0.24947017431259155,0,0
1950,0.08565075695514679,0,0
1951,0.45698490738868713,0,0
1952,0.5357717871665955,1,0
1953,0.5795302987098694,1,1
1954,0.501952052116394,1,1
1955,0.47969308495521545,0,1
1956,0.7311047315597534,1,1
1957,0.6791133880615234,1,1
1958,0.6797981858253479,1,1
1959,0.2017093002796173,0,0
1960,0.18985526263713837,0,0
1961,0.32630103826522827,0,0
1962,0.2551570236682892,0,0
1963,0.7898600697517395,1,1
1964,0.33157598972320557,0,1
1965,0.5880861878395081,1,1
1966,0.6895060539245605,1,1
1967,0.7838094830513,1,1
1968,0.3959459960460663,0,1
1969,0.3738285303115845,0,1
1970,0.5894862413406372,1,1
1971,0.6148330569267273,1,1
1972,0.3396153748035431,0,0
1973,0.21322369575500488,0,0
1974,0.574059009552002,1,0
1975,0.2637242376804352,0,0
1976,0.4766661822795868,0,0
1977,0.41639140248298645,0,0
1978,0.7737528085708618,1,1
1979,0.5095491409301758,1,1
1980,0.4527283310890198,0,1
1981,0.7566298246383667,1,1
1982,0.36557862162590027,0,1
1983,0.484067440032959,0,0
1984,0.5597283840179443,1,0
1985,0.478572279214859,0,0
1986,0.6541796922683716,1,0
1987,0.1817750781774521,0,0
1988,0.5147362351417542,1,0
1989,0.5407326817512512,1,1
1990,0.6173445582389832,1,1
1991,0.6276581883430481,1,1
1992,0.7614993453025818,1,1
1993,0.75892174243927,1,1
1994,0.6539414525032043,1,1
1995,0.21920941770076752,0,0
1996,0.4277724027633667,0,1
1997,0.6095277667045593,1,1
1998,0.5242308378219604,1,1
1999,0.2802155613899231,0,1
2000,0.4097433388233185,0,1
2001,0.6948571801185608,1,1
2002,0.4770442247390747,0,0
2003,0.22842299938201904,0,0
2004,0.2577580511569977,0,0
2005,0.1451105922460556,0,0
2006,0.5945951342582703,1,0
2007,0.05198146775364876,0,0
2008,0.345391184091568,0,0
2009,0.0219494067132473,0,0
2010,0.06815143674612045,0,0
2011,0.11565820127725601,0,0
2012,0.14855603873729706,0,0
2013,0.2637607753276825,0,0
2014,0.48570796847343445,0,1
2015,0.6479161381721497,1,1
2016,0.6044540405273438,1,1
2017,0.3268496096134186,0,1
2018,0.47461825609207153,0,1
2019,0.45348700881004333,0,1
2020,0.3010418713092804,0,1
2021,0.699403703212738,1,1
2022,0.6976812481880188,1,1
2023,0.6239011287689209,1,1
2024,0.6704295873641968,1,1
2025,0.667019248008728,1,1
2026,0.5982827544212341,1,1
2027,0.8064394593238831,1,1
2028,0.6787501573562622,1,1
2029,0.7452773451805115,1,1
2030,0.6132718920707703,1,1
2031,0.7798153758049011,1,1
2032,0.5973114371299744,1,1
2033,0.547999918460846,1,1
2034,0.6820541024208069,1,1
2035,0.7624197006225586,1,1
2036,0.799261748790741,1,1
2037,0.690898060798645,1,1
2038,0.8071286082267761,1,1
2039,0.8807420134544373,1,1
2040,0.6545404195785522,1,1
2041,0.7319480776786804,1,1
2042,0.7874529361724854,1,1
2043,0.6794518828392029,1,1
2044,0.8259698152542114,1,1
2045,0.8110872507095337,1,1
2046,0.5710006356239319,1,1
2047,0.7483768463134766,1,1
2048,0.7319216132164001,1,1
2049,0.4956039786338806,0,1
2050,0.8234850168228149,1,1
2051,0.666601300239563,1,0
2052,0.3068546950817108,0,0
2053,0.646431565284729,1,0
2054,0.7107751965522766,1,0
2055,0.7272800207138062,1,0
2056,0.5927909016609192,1,0
2057,0.5241608023643494,1,0
2058,0.40886548161506653,0,0
2059,0.38630297780036926,0,0
2060,0.5663513541221619,1,0
2061,0.6966071128845215,1,0
2062,0.689419150352478,1,0
2063,0.30476441979408264,0,0
2064,0.26525062322616577,0,0
2065,0.38317885994911194,0,0
2066,0.6109782457351685,1,0
2067,0.7721980810165405,1,0
2068,0.40195873379707336,0,0
2069,0.5628412961959839,1,0
2070,0.5845822691917419,1,0
2071,0.6391431093215942,1,0
2072,0.7625687718391418,1,0
2073,0.6215395927429199,1,0
2074,0.63614821434021,1,0
2075,0.2221909612417221,0,0
2076,0.4393218755722046,0,0
2077,0.595380961894989,1,0
2078,0.6605790853500366,1,1
2079,0.810285210609436,1,1
2080,0.6603010892868042,1,1
2081,0.650057315826416,1,1
2082,0.6919643878936768,1,1
2083,0.615513026714325,1,1
2084,0.5803840756416321,1,1
2085,0.49892157316207886,0,1
2086,0.2988572120666504,0,1
2087,0.6945158243179321,1,1
2088,0.5835254788398743,1,1
2089,0.6136109828948975,1,1
2090,0.6670084595680237,1,1
2091,0.7132380604743958,1,1
2092,0.6141031980514526,1,1
2093,0.7111882567405701,1,1
2094,0.5209046006202698,1,1
2095,0.5768347382545471,1,1
2096,0.4600919485092163,0,1
2097,0.41645392775535583,0,1
2098,0.6106929779052734,1,1
2099,0.5013232231140137,1,1
2100,0.5234683156013489,1,1
2101,0.28745338320732117,0,0
2102,0.3035775423049927,0,0
2103,0.39176318049430847,0,0
2104,0.23646806180477142,0,0
2105,0.4025336503982544,0,0
2106,0.6168954968452454,1,0
2107,0.4250401556491852,0,1
2108,0.42361658811569214,0,1
2109,0.5219711661338806,1,1
2110,0.5396915674209595,1,1
2111,0.6259670257568359,1,1
2112,0.3027682602405548,0,1
2113,0.6071485280990601,1,1
2114,0.3272004723548889,0,1
2115,0.29371878504753113,0,1
2116,0.7405539155006409,1,1
2117,0.744554877281189,1,1
2118,0.5772930383682251,1,1
2119,0.699878454208374,1,1
2120,0.27514123916625977,0,1
2121,0.7359045147895813,1,1
2122,0.7637549638748169,1,1
2123,0.7039369344711304,1,1
2124,0.7919108867645264,1,1
2125,0.6015017628669739,1,1
2126,0.6653820276260376,1,1
2127,0.6016665101051331,1,0
2128,0.6562979221343994,1,1
2129,0.7434646487236023,1,1
2130,0.6723381876945496,1,1
2131,0.5358443260192871,1,1
2132,0.4122968316078186,0,1
2133,0.6881372928619385,1,1
2134,0.44515150785446167,0,1
2135,0.6117463111877441,1,0
2136,0.2352171689271927,0,0
2137,0.4617951214313507,0,0
2138,0.6729276180267334,1,0
2139,0.22486865520477295,0,0
2140,0.36758890748023987,0,0
2141,0.593824565410614,1,1
2142,0.5475233197212219,1,1
2143,0.44790688157081604,0,1
2144,0.41146671772003174,0,1
2145,0.506523609161377,1,1
2146,0.29877638816833496,0,1
2147,0.6133756637573242,1,0
2148,0.5910180807113647,1,0
2149,0.2244296371936798,0,0
2150,0.635418176651001,1,0
2151,0.5557435154914856,1,0
2152,0.03883524239063263,0,0
2153,0.7833121418952942,1,0
2154,0.1776183694601059,0,0
2155,0.5642313957214355,1,0
2156,0.2747691571712494,0,0
2157,0.24788090586662292,0,0
2158,0.3641001284122467,0,0
2159,0.45804277062416077,0,1
2160,0.5037328600883484,1,1
2161,0.29850444197654724,0,1
2162,0.601385235786438,1,1
2163,0.3956293761730194,0,1
2164,0.6189090609550476,1,1
2165,0.7538082599639893,1,1
2166,0.3648841679096222,0,1
2167,0.3032924234867096,0,0
2168,0.5376182198524475,1,0
2169,0.5017611384391785,1,0
2170,0.3433854579925537,0,0
2171,0.5383272171020508,1,0
2172,0.5495093464851379,1,0
2173,0.5972427725791931,1,1
2174,0.8277257084846497,1,1
2175,0.6446244120597839,1,1
2176,0.555607795715332,1,1
2177,0.37515586614608765,0,1
2178,0.3605330288410187,0,1
2179,0.17316637933254242,0,0
2180,0.21988023817539215,0,0
2181,0.10552169382572174,0,0
2182,0.10794983059167862,0,0
2183,0.3008013963699341,0,0
2184,0.20041336119174957,0,0
2185,0.342212975025177,0,1
2186,0.38268518447875977,0,1
2187,0.3583981692790985,0,1
2188,0.14247538149356842,0,1
2189,0.36851173639297485,0,1
2190,0.644198477268219,1,0
2191,0.6841249465942383,1,0
2192,0.5312052965164185,1,0
2193,0.5869246125221252,1,0
2194,0.4494186341762543,0,0
2195,0.675897479057312,1,0
2196,0.25638288259506226,0,0
2197,0.5657870173454285,1,0
2198,0.554110586643219,1,1
2199,0.4941254258155823,0,1
2200,0.6445177793502808,1,1
2201,0.6352365016937256,1,1
2202,0.47329720854759216,0,1
2203,0.586420476436615,1,1
2204,0.4343378245830536,0,1
2205,0.6999640464782715,1,1
2206,0.4406087100505829,0,1
2207,0.5740432739257812,1,1
2208,0.38128146529197693,0,1
2209,0.30878064036369324,0,1
2210,0.6453166007995605,1,1
2211,0.29764848947525024,0,1
2212,0.32582059502601624,0,1
2213,0.4338605999946594,0,1
2214,0.37983158230781555,0,1
2215,0.40428903698921204,0,1
2216,0.37687069177627563,0,1
2217,0.23928499221801758,0,1
2218,0.254558801651001,0,0
2219,0.5004354119300842,1,0
2220,0.5170948505401611,1,0
2221,0.41304025053977966,0,0
2222,0.6698201298713684,1,0
2223,0.5180497765541077,1,0
2224,0.5777267217636108,1,0
2225,0.49636444449424744,0,0
2226,0.5696482062339783,1,0
2227,0.46627166867256165,0,0
2228,0.5856369733810425,1,0
2229,0.5038615465164185,1,1
2230,0.7541297674179077,1,0
2231,0.5101162195205688,1,0
2232,0.43779081106185913,0,0
2233,0.6320160031318665,1,0
2234,0.3556669354438782,0,0
2235,0.4259992241859436,0,0
2236,0.6899023056030273,1,0
2237,0.8415615558624268,1,0
2238,0.5543754696846008,1,0
2239,0.5181177854537964,1,0
2240,0.7953899502754211,1,0
2241,0.7991260290145874,1,1
2242,0.6334049701690674,1,1
2243,0.6591694951057434,1,1
2244,0.7360878586769104,1,1
2245,0.7265651822090149,1,1
2246,0.5298513174057007,1,0
2247,0.41443538665771484,0,0
2248,0.5022470355033875,1,0
2249,0.1432778239250183,0,0
2250,0.22004979848861694,0,0
2251,0.279721200466156,0,0
2252,0.737622857093811,1,0
2253,0.6259604096412659,1,1
2254,0.5806820392608643,1,1
2255,0.41509008407592773,0,1
2256,0.5127959251403809,1,1
2257,0.5574930310249329,1,1
2258,0.4999372959136963,0,1
2259,0.6100990176200867,1,1
2260,0.6038342714309692,1,1
2261,0.7382110357284546,1,1
2262,0.4260435402393341,0,1
2263,0.7615276575088501,1,1
2264,0.1256275624036789,0,0
2265,0.4127039909362793,0,0
2266,0.16264306008815765,0,0
2267,0.2426726520061493,0,0
2268,0.17351539433002472,0,0
2269,0.30258089303970337,0,0
2270,0.5833844542503357,1,0
2271,0.23008443415164948,0,0
2272,0.22515082359313965,0,0
2273,0.18910348415374756,0,0
2274,0.5917498469352722,1,0
2275,0.34733426570892334,0,0
2276,0.6378334164619446,1,1
2277,0.49187400937080383,0,1
2278,0.5908747315406799,1,1
2279,0.42856961488723755,0,1
2280,0.3676368296146393,0,1
2281,0.5880158543586731,1,1
2282,0.7142496705055237,1,1
2283,0.6800899505615234,1,1
2284,0.4589478373527527,0,1
2285,0.6531108021736145,1,1
2286,0.49835461378097534,0,1
2287,0.5494006872177124,1,1
2288,0.5559386014938354,1,1
2289,0.561123788356781,1,1
2290,0.5368286371231079,1,1
2291,0.35463160276412964,0,1
2292,0.565471351146698,1,1
2293,0.5691186189651489,1,1
2294,0.6891222596168518,1,0
2295,0.7587241530418396,1,0
2296,0.6950495839118958,1,0
2297,0.5696970820426941,1,0
2298,0.5483366250991821,1,0
2299,0.7039822340011597,1,0
2300,0.2306639701128006,0,0
2301,0.23148870468139648,0,0
2302,0.21012386679649353,0,0
2303,0.11624402552843094,0,0
2304,0.2894675135612488,0,0
2305,0.23221369087696075,0,0
2306,0.22214266657829285,0,0
2307,0.20417852699756622,0,0
2308,0.28671732544898987,0,0
2309,0.2666720449924469,0,0
2310,0.6716030240058899,1,0
2311,0.609075129032135,1,0
2312,0.28061601519584656,0,0
2313,0.6618630886077881,1,0
2314,0.3457682132720947,0,0
2315,0.4189961552619934,0,0
2316,0.8145179748535156,1,1
2317,0.8101240992546082,1,1
2318,0.5933941006660461,1,1
2319,0.8732121586799622,1,1
2320,0.8492306470870972,1,1
2321,0.8277981281280518,1,1
2322,0.7033879160881042,1,1
2323,0.673206627368927,1,1
2324,0.6879626512527466,1,1
2325,0.42733094096183777,0,1
2326,0.7410919666290283,1,1
2327,0.3181365728378296,0,1
2328,0.2810435891151428,0,1
2329,0.23728227615356445,0,1
2330,0.44592615962028503,0,1
2331,0.34193912148475647,0,1
2332,0.46981826424598694,0,1
2333,0.6039792895317078,1,1
2334,0.25565797090530396,0,1
2335,0.26785600185394287,0,1
2336,0.5468885898590088,1,1
2337,0.5776188373565674,1,1
2338,0.5483719110488892,1,1
2339,0.47065597772598267,0,1
2340,0.5560580492019653,1,1
2341,0.6120090484619141,1,1
2342,0.6141096949577332,1,1
2343,0.5319671034812927,1,1
2344,0.27943289279937744,0,1
2345,0.42364177107810974,0,1
2346,0.41910669207572937,0,1
2347,0.4632071256637573,0,1
2348,0.6350390315055847,1,1
2349,0.4023614525794983,0,1
2350,0.5276288390159607,1,1
2351,0.7357491254806519,1,1
2352,0.45877203345298767,0,0
2353,0.4133831858634949,0,0
2354,0.19899865984916687,0,0
2355,0.630113422870636,1,0
2356,0.30542048811912537,0,0
2357,0.3928676247596741,0,0
2358,0.5266509652137756,1,0
2359,0.7370558381080627,1,0
2360,0.46741244196891785,0,0
2361,0.6380558013916016,1,1
2362,0.5843533873558044,1,1
2363,0.7225844860076904,1,1
2364,0.644174337387085,1,1
2365,0.6522904634475708,1,1
2366,0.564710259437561,1,1
2367,0.6805355548858643,1,1
2368,0.7402971982955933,1,1
2369,0.30388113856315613,0,0
2370,0.13559859991073608,0,0
2371,0.2551441192626953,0,0
2372,0.41047173738479614,0,0
2373,0.7321065068244934,1,1
2374,0.5435032844543457,1,1
2375,0.5004530549049377,1,1
2376,0.7323135733604431,1,1
2377,0.5824809670448303,1,1
2378,0.42526304721832275,0,1
2379,0.7091639041900635,1,1
2380,0.6815639138221741,1,1
2381,0.7010765075683594,1,1
2382,0.5399683713912964,1,1
2383,0.7674899697303772,1,0
2384,0.7189429998397827,1,0
2385,0.45974740386009216,0,0
2386,0.7818480730056763,1,0
2387,0.6364967226982117,1,0
2388,0.6491570472717285,1,0
2389,0.6401103138923645,1,0
2390,0.6944883465766907,1,0
2391,0.45276522636413574,0,0
2392,0.5361054539680481,1,0
2393,0.6204627156257629,1,0
2394,0.7300752997398376,1,0
2395,0.4745178520679474,0,0
2396,0.6006863117218018,1,0
2397,0.6252568960189819,1,0
2398,0.6851934194564819,1,0
2399,0.6240310072898865,1,0
2400,0.677497923374176,1,0
2401,0.6006631255149841,1,0
2402,0.2838154435157776,0,0
2403,0.24381287395954132,0,0
2404,0.4820575416088104,0,0
2405,0.1422862708568573,0,0
2406,0.12031461298465729,0,0
2407,0.5715502500534058,1,0
2408,0.17215315997600555,0,0
2409,0.08190139383077621,0,0
2410,0.17907562851905823,0,0
2411,0.46539443731307983,0,0
2412,0.3255676031112671,0,0
2413,0.39969319105148315,0,0
2414,0.25274816155433655,0,0
2415,0.37483537197113037,0,0
2416,0.44001075625419617,0,0
2417,0.7675981521606445,1,0
2418,0.2487868219614029,0,0
2419,0.5612220168113708,1,0
2420,0.325493186712265,0,0
2421,0.16013969480991364,0,0
2422,0.5606566667556763,1,0
2423,0.23612657189369202,0,0
2424,0.17237767577171326,0,0
2425,0.17391574382781982,0,0
2426,0.2498590499162674,0,0
2427,0.6267347931861877,1,1
2428,0.5784350037574768,1,1
2429,0.28884848952293396,0,1
2430,0.5546008944511414,1,1
2431,0.5705298185348511,1,1
2432,0.2538570761680603,0,1
2433,0.6459996700286865,1,1
2434,0.5266171097755432,1,1
2435,0.474631667137146,0,1
2436,0.34241965413093567,0,1
2437,0.5389853715896606,1,1
2438,0.4784497022628784,0,1
2439,0.3760058581829071,0,1
2440,0.28827378153800964,0,1
2441,0.5127029418945312,1,1
2442,0.5522035956382751,1,1
2443,0.7373939752578735,1,1
2444,0.8030202388763428,1,1
2445,0.4900018274784088,0,1
2446,0.5869112610816956,1,1
2447,0.5765373706817627,1,1
2448,0.7387428283691406,1,1
2449,0.2586762607097626,0,0
2450,0.12240927666425705,0,0
2451,0.266195684671402,0,0
2452,0.15443401038646698,0,0
2453,0.444087952375412,0,0
2454,0.674011766910553,1,0
2455,0.5777885913848877,1,0
2456,0.5682169198989868,1,0
2457,0.48414912819862366,0,0
2458,0.45526695251464844,0,0
2459,0.31923988461494446,0,0
2460,0.49216005206108093,0,0
2461,0.7713057994842529,1,1
2462,0.5171460509300232,1,1
2463,0.7712106108665466,1,1
2464,0.7721496224403381,1,1
2465,0.5126900672912598,1,1
2466,0.7203406691551208,1,1
2467,0.7925621867179871,1,1
2468,0.17048850655555725,0,0
2469,0.5426985621452332,1,0
2470,0.21627937257289886,0,0
2471,0.4517289400100708,0,0
2472,0.4907020330429077,0,0
2473,0.13339003920555115,0,0
2474,0.38194969296455383,0,0
2475,0.39410072565078735,0,0
2476,0.4301806688308716,0,0
2477,0.4668204188346863,0,1
2478,0.548698365688324,1,1
2479,0.4422319829463959,0,1
2480,0.5186111927032471,1,1
2481,0.44206660985946655,0,1
2482,0.6865416765213013,1,0
2483,0.5984164476394653,1,0
2484,0.5067840814590454,1,0
2485,0.7220736145973206,1,0
2486,0.37586644291877747,0,0
2487,0.7707678079605103,1,0
2488,0.6051626205444336,1,0
2489,0.3104395866394043,0,0
2490,0.29234710335731506,0,0
2491,0.7768413424491882,1,1
2492,0.556517481803894,1,1
2493,0.5504204630851746,1,1
2494,0.610063374042511,1,1
2495,0.6970796585083008,1,1
2496,0.5855753421783447,1,1
2497,0.7424687147140503,1,1
2498,0.706276535987854,1,1
2499,0.7644204497337341,1,1
2500,0.8293114304542542,1,1
2501,0.24429330229759216,0,0
2502,0.1778256893157959,0,0
2503,0.35725393891334534,0,0
2504,0.3390677869319916,0,0
2505,0.347436785697937,0,0
2506,0.3255177140235901,0,0
2507,0.6354071497917175,1,0
2508,0.6503534913063049,1,0
2509,0.41620728373527527,0,0
2510,0.3238705098628998,0,0
2511,0.7901856303215027,1,1
2512,0.5788695216178894,1,1
2513,0.6309452056884766,1,1
2514,0.7373517751693726,1,1
2515,0.7964604496955872,1,1
2516,0.5183455348014832,1,1
2517,0.5468010902404785,1,1
2518,0.5767694115638733,1,1
2519,0.7123003602027893,1,1
2520,0.553285539150238,1,1
2521,0.6890743374824524,1,1
2522,0.6263382434844971,1,1
2523,0.7328084707260132,1,1
2524,0.5751075744628906,1,1
2525,0.6955076456069946,1,1
2526,0.7789957523345947,1,1
2527,0.6128615140914917,1,1
2528,0.6968910098075867,1,1
2529,0.6993975639343262,1,1
2530,0.675430178642273,1,0
2531,0.16591210663318634,0,0
2532,0.5937598943710327,1,0
2533,0.5170416235923767,1,0
2534,0.4071999788284302,0,0
2535,0.5511965155601501,1,0
2536,0.7218356728553772,1,1
2537,0.5034433603286743,1,1
2538,0.5855425000190735,1,1
2539,0.73800128698349,1,1
2540,0.7085701823234558,1,1
2541,0.7838819622993469,1,1
2542,0.6697384119033813,1,1
2543,0.6704673171043396,1,1
2544,0.7259648442268372,1,1
2545,0.5658887624740601,1,1
2546,0.5319246649742126,1,1
2547,0.6519054174423218,1,1
2548,0.6022565960884094,1,1
2549,0.6518393754959106,1,1
2550,0.4392205476760864,0,1
2551,0.5090475678443909,1,1
2552,0.6779318451881409,1,1
2553,0.6400119066238403,1,1
2554,0.7095015048980713,1,1
2555,0.26428842544555664,0,0
2556,0.19704678654670715,0,0
2557,0.31432369351387024,0,0
2558,0.15692418813705444,0,0
2559,0.8210413455963135,1,1
2560,0.8536853194236755,1,1
2561,0.7283961176872253,1,1
2562,0.7227202653884888,1,1
2563,0.6444918513298035,1,1
2564,0.7850056290626526,1,1
2565,0.7156512141227722,1,1
2566,0.8200467824935913,1,1
2567,0.7474350929260254,1,1
2568,0.7188526391983032,1,1
2569,0.7135345339775085,1,1
2570,0.7590525150299072,1,1
2571,0.6669349074363708,1,1
2572,0.657196581363678,1,1
2573,0.7138239741325378,1,1
2574,0.24588820338249207,0,1
2575,0.17409102618694305,0,1
2576,0.1245819628238678,0,1
2577,0.1336531639099121,0,1
2578,0.7129762768745422,1,1
2579,0.6386874914169312,1,1
2580,0.2953749895095825,0,1
2581,0.5814586877822876,1,1
2582,0.456521600484848,0,1
2583,0.400238037109375,0,1
2584,0.6908870339393616,1,1
2585,0.28932368755340576,0,1
2586,0.7573434710502625,1,1
2587,0.48677220940589905,0,1
2588,0.33879217505455017,0,1
2589,0.7363964319229126,1,1
2590,0.7084110379219055,1,1
2591,0.6842275857925415,1,1
2592,0.5466364026069641,1,1
2593,0.6317127346992493,1,1
2594,0.4699186384677887,0,1
2595,0.3556565046310425,0,1
2596,0.16644367575645447,0,1
2597,0.5417212247848511,1,1
2598,0.5546475052833557,1,1
2599,0.42474937438964844,0,1
2600,0.688018262386322,1,1
2601,0.7540581822395325,1,1
2602,0.6745210289955139,1,1
2603,0.75328528881073,1,1
2604,0.7171401977539062,1,1
2605,0.4542073905467987,0,1
2606,0.6201291084289551,1,1
2607,0.6097810864448547,1,1
2608,0.6314183473587036,1,1
2609,0.6560808420181274,1,1
2610,0.5940855741500854,1,1
2611,0.6931830644607544,1,1
2612,0.4077380299568176,0,1
2613,0.31923988461494446,0,0
2614,0.2549048066139221,0,0
2615,0.15896004438400269,0,0
2616,0.2613598704338074,0,0
2617,0.5284123420715332,1,0
2618,0.26686713099479675,0,0
2619,0.4634384214878082,0,0
2620,0.3383847773075104,0,0
2621,0.6305800080299377,1,0
2622,0.7337295413017273,1,0
2623,0.44433069229125977,0,0
2624,0.5640711784362793,1,0
2625,0.6454010605812073,1,0
2626,0.7410023808479309,1,0
2627,0.586976170539856,1,0
2628,0.5551852583885193,1,1
2629,0.7484090924263,1,1
2630,0.6657107472419739,1,1
2631,0.6086471080780029,1,1
2632,0.7195771932601929,1,1
2633,0.5657497048377991,1,1
2634,0.8213221430778503,1,1
2635,0.7405070066452026,1,1
2636,0.45749008655548096,0,1
2637,0.8507494926452637,1,1
2638,0.6210786700248718,1,1
2639,0.5838013887405396,1,1
2640,0.6927112340927124,1,1
2641,0.48829588294029236,0,1
2642,0.6383787393569946,1,1
2643,0.6103855967521667,1,1
2644,0.07587049901485443,0,0
2645,0.17843802273273468,0,0
2646,0.15385837852954865,0,0
2647,0.1899273693561554,0,0
2648,0.3207664489746094,0,0
2649,0.4557272493839264,0,0
2650,0.4824257493019104,0,0
2651,0.6138961911201477,1,0
2652,0.2908231019973755,0,0
2653,0.48906293511390686,0,0
2654,0.4974350929260254,0,0
2655,0.21279005706310272,0,0
2656,0.337240993976593,0,0
2657,0.7147502899169922,1,0
2658,0.5257799625396729,1,1
2659,0.6618285775184631,1,1
2660,0.5695407390594482,1,1
2661,0.4564869701862335,0,1
2662,0.6151192784309387,1,1
2663,0.6071370244026184,1,1
2664,0.4861982464790344,0,1
2665,0.6609525084495544,1,1
2666,0.5486569404602051,1,1
2667,0.6875233054161072,1,1
2668,0.6896373629570007,1,1
2669,0.672230064868927,1,1
2670,0.5319777131080627,1,1
2671,0.6671814322471619,1,1
2672,0.37215107679367065,0,1
2673,0.5177128314971924,1,1
2674,0.5439433455467224,1,1
2675,0.38158711791038513,0,1
2676,0.535145103931427,1,1
2677,0.2569776773452759,0,1
2678,0.21768829226493835,0,0
2679,0.5574980974197388,1,0
2680,0.25208133459091187,0,0
2681,0.23532654345035553,0,0
2682,0.3088151812553406,0,0
2683,0.4654313027858734,0,0
2684,0.20685677230358124,0,0
2685,0.7822586297988892,1,1
2686,0.5819187760353088,1,1
2687,0.6178143620491028,1,1
2688,0.7311208844184875,1,1
2689,0.6325401067733765,1,1
2690,0.8050714135169983,1,1
2691,0.8191006779670715,1,1
2692,0.7150115966796875,1,1
2693,0.659557044506073,1,1
2694,0.13923430442810059,0,0
2695,0.3559177815914154,0,0
2696,0.19469760358333588,0,0
2697,0.1885947734117508,0,0
2698,0.30132269859313965,0,0
2699,0.5354619026184082,1,0
2700,0.7973410487174988,1,0
2701,0.6735485792160034,1,0
2702,0.2939950227737427,0,0
2703,0.7496803402900696,1,0
2704,0.7918438911437988,1,0
2705,0.8458123803138733,1,0
2706,0.7193891406059265,1,0
2707,0.44329923391342163,0,0
2708,0.2585226595401764,0,0
2709,0.304007351398468,0,0
2710,0.6758297085762024,1,0
2711,0.3682163655757904,0,0
2712,0.15247097611427307,0,0
2713,0.08764778822660446,0,0
2714,0.12629514932632446,0,0
2715,0.5140659809112549,1,0
2716,0.2740779221057892,0,0
2717,0.31583699584007263,0,0
2718,0.2469007819890976,0,0
2719,0.28936195373535156,0,0
2720,0.34832388162612915,0,0
2721,0.5041210055351257,1,1
2722,0.6102660894393921,1,1
2723,0.5099089741706848,1,1
2724,0.4183100759983063,0,1
2725,0.35150349140167236,0,1
2726,0.5928499698638916,1,1
2727,0.5349586009979248,1,1
2728,0.4483846127986908,0,1
2729,0.4705761969089508,0,1
2730,0.31394076347351074,0,1
2731,0.5697728395462036,1,1
2732,0.7524253129959106,1,1
2733,0.6368058323860168,1,1
2734,0.4778892993927002,0,1
2735,0.8281269669532776,1,1
2736,0.5087093710899353,1,1
2737,0.7400779724121094,1,1
2738,0.5234237313270569,1,1
2739,0.7906540036201477,1,1
2740,0.6521425843238831,1,1
2741,0.5105523467063904,1,0
2742,0.44947463274002075,0,0
2743,0.2677578926086426,0,0
2744,0.42578956484794617,0,0
2745,0.4950229227542877,0,0
2746,0.4288581609725952,0,0
2747,0.6314221024513245,1,0
2748,0.722356379032135,1,0
2749,0.7061334848403931,1,0
2750,0.6832972764968872,1,0
2751,0.3671274483203888,0,0
2752,0.4201861321926117,0,0
2753,0.5507344007492065,1,0
2754,0.2047811597585678,0,0
2755,0.3988845646381378,0,0
2756,0.3627445697784424,0,0
2757,0.38169392943382263,0,0
2758,0.26728734374046326,0,0
2759,0.5120572447776794,1,0
2760,0.46772387623786926,0,0
2761,0.4576784074306488,0,0
2762,0.5730909109115601,1,0
2763,0.5191237926483154,1,0
2764,0.38994958996772766,0,0
2765,0.6470790505409241,1,0
2766,0.5759742856025696,1,0
2767,0.6919382810592651,1,0
2768,0.3452601432800293,0,0
2769,0.3923453390598297,0,0
2770,0.7073746919631958,1,0
2771,0.44824156165122986,0,0
2772,0.597864031791687,1,0
2773,0.6496666669845581,1,0
2774,0.6828693151473999,1,0
2775,0.5408694744110107,1,0
2776,0.6659684777259827,1,0
2777,0.6930689215660095,1,0
2778,0.41642940044403076,0,0
2779,0.6217725276947021,1,0
2780,0.67490154504776,1,0
2781,0.5424259901046753,1,0
2782,0.4164822995662689,0,0
2783,0.7106882929801941,1,0
2784,0.7016997933387756,1,0
2785,0.5109395384788513,1,0
2786,0.36071962118148804,0,1
2787,0.3888331651687622,0,1
2788,0.6189501881599426,1,1
2789,0.32598766684532166,0,1
2790,0.6649342775344849,1,1
2791,0.5289682745933533,1,1
2792,0.7656097412109375,1,1
2793,0.702302098274231,1,1
2794,0.701545238494873,1,1
2795,0.7314496040344238,1,1
2796,0.6389704942703247,1,1
2797,0.29380905628204346,0,1
2798,0.460241436958313,0,1
2799,0.7470631003379822,1,1
2800,0.2075071632862091,0,0
2801,0.25000250339508057,0,0
2802,0.3048698604106903,0,0
2803,0.29467689990997314,0,0
2804,0.42268770933151245,0,1
2805,0.41771963238716125,0,1
2806,0.3232843279838562,0,1
2807,0.48494547605514526,0,1
2808,0.4246618151664734,0,1
2809,0.5999588370323181,1,1
2810,0.6334552764892578,1,1
2811,0.5430286526679993,1,1
2812,0.5420197248458862,1,1
2813,0.5311915874481201,1,1
2814,0.43965306878089905,0,1
2815,0.3905901312828064,0,1
2816,0.35533297061920166,0,1
2817,0.8099197745323181,1,1
2818,0.6488437652587891,1,1
2819,0.3648621439933777,0,1
2820,0.5673266053199768,1,1
2821,0.5832794904708862,1,1
2822,0.7043494582176208,1,1
2823,0.6215746998786926,1,1
2824,0.7355439066886902,1,1
2825,0.360573410987854,0,0
2826,0.4813690781593323,0,0
2827,0.5597695708274841,1,0
2828,0.3693484961986542,0,0
2829,0.3861791789531708,0,0
2830,0.4674113988876343,0,0
2831,0.3480706214904785,0,0
2832,0.6169759631156921,1,0
2833,0.47926434874534607,0,0
2834,0.5078040957450867,1,0
2835,0.5170784592628479,1,0
2836,0.5759323835372925,1,0
2837,0.5539444088935852,1,1
2838,0.38612642884254456,0,1
2839,0.5451719760894775,1,1
2840,0.27372437715530396,0,1
2841,0.338422566652298,0,1
2842,0.7396953701972961,1,1
2843,0.310772567987442,0,1
2844,0.5145090818405151,1,1
2845,0.5578136444091797,1,1
2846,0.2446378618478775,0,1
2847,0.5934085845947266,1,1
2848,0.6491323709487915,1,1
2849,0.604015052318573,1,1
2850,0.37171339988708496,0,1
2851,0.6279792189598083,1,1
2852,0.5322206616401672,1,1
2853,0.42150285840034485,0,1
2854,0.4013656675815582,0,1
2855,0.283413290977478,0,1
2856,0.5751689672470093,1,1
2857,0.11979177594184875,0,0
2858,0.0934138372540474,0,0
2859,0.2946651577949524,0,0
2860,0.22089314460754395,0,0
2861,0.633182168006897,1,1
2862,0.5049340128898621,1,1
2863,0.41017812490463257,0,1
2864,0.7564873695373535,1,1
2865,0.5957099199295044,1,1
2866,0.5300078988075256,1,1
2867,0.47059500217437744,0,1
2868,0.4604203701019287,0,1
2869,0.5115435719490051,1,1
2870,0.47210609912872314,0,1
2871,0.2801334261894226,0,1
2872,0.23771996796131134,0,1
2873,0.48587778210639954,0,1
2874,0.6051141619682312,1,0
2875,0.260177880525589,0,0
2876,0.3860744833946228,0,0
2877,0.21568280458450317,0,0
2878,0.14034824073314667,0,0
2879,0.06588935106992722,0,0
2880,0.30645751953125,0,0
2881,0.6457027196884155,1,1
2882,0.6095275282859802,1,1
2883,0.6742478013038635,1,1
2884,0.6453812122344971,1,1
2885,0.5375357866287231,1,1
2886,0.48569852113723755,0,1
2887,0.6299663782119751,1,1
2888,0.4930780231952667,0,1
2889,0.5520952343940735,1,1
2890,0.6239084601402283,1,1
2891,0.6565151810646057,1,1
2892,0.7850257754325867,1,1
2893,0.4154164791107178,0,1
2894,0.15505239367485046,0,0
2895,0.22768986225128174,0,0
2896,0.17718742787837982,0,0
2897,0.22873763740062714,0,0
2898,0.22481773793697357,0,0
2899,0.2479865401983261,0,1
2900,0.4636596739292145,0,1
2901,0.38075441122055054,0,1
2902,0.334354966878891,0,1
2903,0.6562308669090271,1,1
2904,0.24823050200939178,0,1
2905,0.7337711453437805,1,1
2906,0.4817523956298828,0,1
2907,0.8231290578842163,1,1
2908,0.5356010794639587,1,1
2909,0.6248292922973633,1,1
2910,0.44216111302375793,0,1
2911,0.6683162450790405,1,1
2912,0.7980290055274963,1,1
2913,0.6361663341522217,1,1
2914,0.827459990978241,1,1
2915,0.6349378228187561,1,1
2916,0.38588619232177734,0,1
2917,0.331185519695282,0,1
2918,0.5047631859779358,1,1
2919,0.5324382781982422,1,1
2920,0.5298224687576294,1,1
2921,0.3279944956302643,0,0
2922,0.2551613748073578,0,0
2923,0.19827988743782043,0,0
2924,0.31136396527290344,0,0
2925,0.36510154604911804,0,0
2926,0.32580363750457764,0,0
2927,0.2220441997051239,0,0
2928,0.2830422818660736,0,1
2929,0.3988249599933624,0,1
2930,0.5356640815734863,1,1
2931,0.5839592218399048,1,1
2932,0.488324373960495,0,1
2933,0.37070098519325256,0,1
2934,0.7662108540534973,1,1
2935,0.6352621912956238,1,1
2936,0.5355949401855469,1,1
2937,0.7349238991737366,1,1
2938,0.6048284769058228,1,0
2939,0.6453149914741516,1,0
2940,0.44189268350601196,0,0
2941,0.19326430559158325,0,0
2942,0.16719388961791992,0,0
2943,0.37656018137931824,0,0
2944,0.1603860706090927,0,0
2945,0.1468643695116043,0,0
2946,0.21216784417629242,0,0
2947,0.30055639147758484,0,0
2948,0.7370747327804565,1,0
2949,0.5002822875976562,1,0
2950,0.5288461446762085,1,0
2951,0.2243659794330597,0,0
2952,0.5198200345039368,1,0
2953,0.47717028856277466,0,0
2954,0.5808804631233215,1,0
2955,0.47664061188697815,0,0
2956,0.2124575525522232,0,0
2957,0.20843416452407837,0,0
2958,0.28797417879104614,0,0
2959,0.7272552847862244,1,1
2960,0.46202483773231506,0,1
2961,0.7449654936790466,1,1
2962,0.8128506541252136,1,1
2963,0.46876344084739685,0,1
2964,0.516038179397583,1,1
2965,0.5907340049743652,1,1
2966,0.5687912702560425,1,1
2967,0.3964323401451111,0,1
2968,0.7684911489486694,1,1
2969,0.650284469127655,1,1
2970,0.45369434356689453,0,1
2971,0.5285370349884033,1,1
2972,0.2754395306110382,0,0
2973,0.5106427073478699,1,0
2974,0.40517058968544006,0,0
2975,0.3776765763759613,0,0
2976,0.29283207654953003,0,0
2977,0.34561002254486084,0,0
2978,0.184164896607399,0,0
2979,0.45248329639434814,0,0
2980,0.23550476133823395,0,0
2981,0.13396677374839783,0,0
2982,0.4335833787918091,0,0
2983,0.25913354754447937,0,0
2984,0.5099746584892273,1,0
2985,0.4708857834339142,0,0
2986,0.5319002866744995,1,0
2987,0.22317174077033997,0,1
2988,0.5826013088226318,1,1
2989,0.495464950799942,0,1
2990,0.47911062836647034,0,1
2991,0.5974128842353821,1,1
2992,0.5555205941200256,1,1
2993,0.7360693216323853,1,1
2994,0.6567978262901306,1,1
2995,0.8542504906654358,1,1
2996,0.6377427577972412,1,1
2997,0.707177460193634,1,1
2998,0.21339403092861176,0,0
2999,0.4489518702030182,0,0
3000,0.30105501413345337,0,0
3001,0.19827862083911896,0,0
3002,0.51643967628479,1,0
3003,0.7279728055000305,1,1
3004,0.5894419550895691,1,1
3005,0.7218712568283081,1,1
3006,0.6761844158172607,1,1
3007,0.5625733137130737,1,1
3008,0.49155959486961365,0,1
3009,0.7713675498962402,1,1
3010,0.350831538438797,0,1
3011,0.3865291178226471,0,1
3012,0.6869128346443176,1,1
3013,0.23702819645404816,0,1
3014,0.36998820304870605,0,1
3015,0.2508385181427002,0,1
3016,0.43983855843544006,0,1
3017,0.35778680443763733,0,0
3018,0.5701489448547363,1,0
3019,0.07172564417123795,0,0
3020,0.35712915658950806,0,0
3021,0.33917418122291565,0,0
3022,0.5857117176055908,1,0
3023,0.5769716501235962,1,0
3024,0.30998173356056213,0,0
3025,0.2724018394947052,0,0
3026,0.22527815401554108,0,0
3027,0.2250671237707138,0,0
3028,0.5085709691047668,1,0
3029,0.3446105420589447,0,1
3030,0.42663514614105225,0,1
3031,0.7527127265930176,1,1
3032,0.5103116035461426,1,1
3033,0.48149505257606506,0,1
3034,0.3840354084968567,0,1
3035,0.16291797161102295,0,1
3036,0.6134389042854309,1,0
3037,0.18267822265625,0,0
3038,0.6230117678642273,1,0
3039,0.5149142146110535,1,0
3040,0.5892205834388733,1,0
3041,0.4693687856197357,0,0
3042,0.3252238631248474,0,0
3043,0.5232988595962524,1,0
3044,0.5457339286804199,1,0
3045,0.44873926043510437,0,0
3046,0.6128365397453308,1,0
3047,0.35244786739349365,0,0
3048,0.3706859052181244,0,0
3049,0.6078020334243774,1,1
3050,0.4457445740699768,0,1
3051,0.41709333658218384,0,1
3052,0.4287824034690857,0,1
3053,0.5581912994384766,1,1
3054,0.6868103742599487,1,0
3055,0.20113298296928406,0,1
3056,0.3597683906555176,0,1
3057,0.3760739266872406,0,1
3058,0.5936290621757507,1,1
3059,0.7821942567825317,1,1
3060,0.6315430402755737,1,1
3061,0.2600153684616089,0,1
3062,0.45738542079925537,0,1
